56188935,Sofía González Araya,San José
58662929,José Leitón Salazar,Limón
57704473,Camila Chaves López,Cartago
27426846,Juan Guzmán Marín,Cartago
39084065,Mariana Calvo Vega,Alajuela
35045421,Ana Rodríguez Pérez,Alajuela
51191859,Javier Alvarado Marín,Heredia
46161977,Ana Alvarado Soto,Heredia
57901115,Camila Brenes Marín,Puntarenas
73949245,Valeria Cascante Fernández,Cartago
33153097,José Castro Fernández,Heredia
66510922,María Brenes Campos,Heredia
17121355,Pedro González Valverde,Guanacaste
69312590,María Chaves Araya,San José
42369112,Mariana Castro Salazar,Heredia
19480665,Jorge Leitón Alfaro,Guanacaste
45269083,María Cascante Monge,Heredia
14442590,Valeria Murillo Madrigal,Alajuela
77381734,Camila Alvarado Marín,Heredia
33816683,Ricardo Vargas Monge,Guanacaste
33898604,Alejandro Leitón Quirós,Alajuela
43540594,Ana Solano Fernández,Alajuela
43589751,Andrés Zamora Herrera,San José
55918715,Daniela Jiménez Gutiérrez,Alajuela
17481857,Javier Chaves Quirós,Cartago
32325761,Diego Jiménez Marín,Heredia
36577416,Valeria Cascante Salazar,Cartago
65003671,Pedro Quesada Campos,Limón
45449368,Juan Calvo Madrigal,Guanacaste
23937176,Daniela Mora Gutiérrez,Alajuela
67575963,Luis Leitón Madrigal,Guanacaste
56443037,Jorge Mora Araya,Guanacaste
14729376,Jorge Mora Bermúdez,Limón
22724773,Valeria Castro Gutiérrez,Cartago
19562677,José Murillo Madrigal,Guanacaste
53239990,Camila Vargas Fernández,Cartago
46268604,José Chaves Quirós,Guanacaste
16539837,Mariana Cascante López,Heredia
19062973,Diego González López,Puntarenas
37658817,Camila Brenes Delgado,San José
75833542,Diego Alvarado Bermúdez,Cartago
12615878,Camila Mora Alfaro,Alajuela
76103880,Sofía Solano Montoya,Cartago
64536777,Paulina Guzmán Quirós,Puntarenas
62595275,Carlos Zamora Campos,Alajuela
23240912,Daniela Murillo Monge,Limón
31547605,Lucía Vargas Monge,Limón
56246485,Elena Jiménez Bermúdez,Puntarenas
39518424,Alejandro Cascante Herrera,Limón
61661401,Alejandro Leitón Gómez,Alajuela
33005795,Andrés Zamora López,Alajuela
66207974,María Solano López,Cartago
51822825,Ricardo Zamora Valverde,Cartago
11280618,Manuel Quesada Soto,Puntarenas
25821419,Ana Rodríguez Alfaro,Cartago
69230828,Camila Calvo Campos,Alajuela
61358318,Camila Leitón Salazar,Cartago
34652414,Lucía Sánchez Valverde,Puntarenas
47022335,Ricardo Jiménez Bermúdez,San José
14475523,José Vargas Fernández,Limón
32325893,Francisco Zamora Alfaro,Puntarenas
45015307,Laura Zamora Valverde,Puntarenas
49479950,Daniela Quesada Gómez,Limón
39788815,Jorge Rodríguez Vega,Alajuela
23503120,Javier Sánchez Quirós,Limón
14475536,Juan González Valverde,Guanacaste
72237331,Sofía Brenes Gutiérrez,Heredia
18628891,Lucía Solano Valverde,Alajuela
11059486,Manuel Alvarado Monge,Limón
42221854,Gabriela Cascante Madrigal,San José
28746014,Juan Quesada Delgado,Guanacaste
34767135,Javier Calvo Quirós,Cartago
13345069,Sofía Mora Vega,San José
38609207,Diego Brenes Montoya,Limón
18751799,Pedro Brenes Bermúdez,Alajuela
38379837,Luis Quesada Alfaro,San José
49635649,Gabriela Cascante Montoya,Puntarenas
22921542,Luis Rodríguez Vega,Cartago
76292423,Pedro Guzmán Soto,Heredia
63226183,Paulina Vargas Madrigal,Puntarenas
26534221,Francisco Zamora Montoya,Puntarenas
49094999,Ricardo González Salazar,Puntarenas
21668183,Camila Castro Monge,Cartago
49389915,Elena Saborío Fernández,Cartago
19431778,Ana Murillo Herrera,Puntarenas
45089126,Pedro Saborío Fernández,Puntarenas
36905327,Diego Jiménez Alfaro,Cartago
65675638,Laura Alvarado Gutiérrez,Limón
56279418,Diego Castro Valverde,Guanacaste
64094587,Sofía Solano Araya,Heredia
69910914,María Leitón Madrigal,Guanacaste
22061446,Carlos Murillo Pérez,Guanacaste
14860684,Ana Cascante Monge,Cartago
58999183,Daniela Vargas Herrera,Alajuela
53592464,Andrés Rojas Gutiérrez,Guanacaste
73302417,Manuel Chaves Montoya,Limón
23167376,Ricardo Sánchez Marín,Heredia
43385244,Diego Sánchez Montoya,Puntarenas
67395997,María Rodríguez Campos,Cartago
52781470,Andrés Sánchez Madrigal,Limón
46932391,Elena Murillo Marín,Alajuela
64782763,Gabriela Guzmán Gutiérrez,Heredia
49996207,Daniela Murillo Soto,San José
34955699,María Saborío Pérez,Puntarenas
18047416,Lucía Rodríguez Montoya,Limón
37298619,Alejandro Zamora Gómez,Puntarenas
72221118,Juan González Alfaro,Puntarenas
36020671,Lucía Alvarado Herrera,San José
32932288,José Quesada Madrigal,Cartago
56885707,Elena Jiménez López,Cartago
42975701,Sofía Solano Monge,Guanacaste
59040224,Alejandro Rojas Gutiérrez,Puntarenas
46080483,Luis Rojas Vega,Cartago
47120868,Jorge Zamora Fernández,Limón
65479144,José Rodríguez Alfaro,Alajuela
59507186,Paulina Chaves Pérez,Puntarenas
64684531,Juan Leitón Monge,Alajuela
44327421,Ana Castro López,Heredia
37241348,Javier Brenes Salazar,Guanacaste
59597330,María Calvo López,Puntarenas
27238933,Ana Rodríguez López,Puntarenas
42525206,Ana Guzmán Campos,Heredia
34816534,Ana Saborío Valverde,Heredia
35889688,Ricardo Chaves Pérez,Puntarenas
45031966,Mariana Rodríguez Bermúdez,Heredia
71107102,Mariana Mora Monge,Cartago
77070880,Gabriela Calvo Herrera,Heredia
47268384,Ana Quesada Quirós,San José
77406756,Sofía Mora Araya,Heredia
15098412,Andrés Calvo Pérez,Limón
15163953,Pedro Quesada Pérez,Cartago
54280754,Ricardo Guzmán Bermúdez,Alajuela
62980663,María Saborío Vega,Alajuela
77324856,Ricardo Murillo Montoya,Alajuela
28033593,Juan Rodríguez Marín,San José
13345338,Francisco Murillo Herrera,San José
15049282,Jorge Quesada Marín,Puntarenas
28672579,Paulina Mora Valverde,Puntarenas
55067204,Laura Solano Bermúdez,Cartago
27681351,Manuel Vargas Araya,Limón
79258194,Elena Vargas Bermúdez,Cartago
15401559,Mariana Rojas Gutiérrez,Puntarenas
21742169,Ana Mora López,San José
61514340,Luis Sánchez Montoya,Cartago
39264869,Manuel Calvo Valverde,Puntarenas
36242022,Carlos Castro Montoya,Alajuela
36946534,Ana Cascante Soto,Heredia
55059048,Pedro Cascante Vega,Limón
17162857,Daniela Sánchez Araya,Alajuela
57516648,Ricardo Vargas Fernández,San José
36889195,Daniela Leitón Vega,Limón
41919088,Francisco Solano Fernández,Guanacaste
54018677,José Castro Quirós,San José
53871230,Mariana Chaves Vega,Heredia
47276684,Ana Guzmán Campos,San José
12133008,Carlos Brenes Montoya,San José
39428760,Ricardo Quesada Madrigal,Puntarenas
19153566,Francisco González Montoya,Guanacaste
63316639,Alejandro Calvo Araya,Heredia
13533857,Mariana González Vega,Cartago
58466983,Mariana Cascante Herrera,Limón
31744682,Valeria Calvo López,San José
57442986,Javier Sánchez Monge,Limón
66323132,Camila Murillo Fernández,San José
61522621,Jorge Murillo Montoya,Alajuela
16171716,Diego Brenes López,Guanacaste
59548370,Laura Saborío Soto,Heredia
54158036,Laura Jiménez Campos,Heredia
51454696,Francisco Solano Marín,Limón
14959345,Camila Solano Montoya,San José
35234550,Camila Rodríguez Araya,Heredia
79799030,Daniela Vargas Salazar,Guanacaste
12919549,Juan Jiménez Quirós,Guanacaste
39363326,Javier Alvarado Monge,Guanacaste
65667852,Andrés Solano Montoya,Cartago
32367376,María González Campos,Cartago
42263313,Valeria Calvo Quirós,Heredia
47506196,Ricardo Castro Campos,San José
57254683,Ana González Gómez,Cartago
32449308,Lucía Alvarado Salazar,Guanacaste
39273246,Lucía Mora López,Alajuela
17982241,Camila Chaves Gutiérrez,San José
75334434,Pedro Calvo Pérez,Alajuela
33194789,Ana Cascante Pérez,Heredia
51192619,Andrés Rojas Araya,Limón
59196204,Daniela Vargas Madrigal,San José
57156398,Jorge Solano Campos,Puntarenas
77136687,Francisco Quesada Herrera,Heredia
24273712,Juan Quesada López,Guanacaste
78586676,Daniela Leitón Vega,Guanacaste
73450300,Jorge Sánchez Madrigal,Alajuela
18678589,Paulina Chaves Araya,Heredia
71476028,Mariana Calvo Quirós,Cartago
65069884,Alejandro Cascante Gutiérrez,Guanacaste
71689025,Ricardo González Valverde,Heredia
76563269,Diego Alvarado Campos,Limón
57049927,Luis Chaves Gutiérrez,Guanacaste
25437001,Ricardo Quesada Bermúdez,Limón
29795159,Ricardo Saborío Montoya,Puntarenas
33088344,Paulina Saborío Pérez,Alajuela
43213658,Andrés Calvo Bermúdez,Puntarenas
16171869,Lucía Chaves Fernández,Guanacaste
71058272,Valeria Rojas Araya,Limón
17490791,Lucía Saborío Vega,Guanacaste
76350316,Francisco Guzmán Salazar,Cartago
47178606,Daniela Rodríguez Monge,San José
21971823,Juan Cascante Herrera,San José
74818418,Mariana Vargas Pérez,Cartago
22815603,Jorge Sánchez Bermúdez,Puntarenas
57320310,Pedro Chaves López,Puntarenas
68789116,Sofía Zamora Salazar,San José
43426689,Lucía Solano Araya,Guanacaste
44827527,Mariana Saborío Alfaro,Puntarenas
28377995,Javier Saborío Soto,Alajuela
53592974,Alejandro Alvarado López,Heredia
23348114,José Guzmán Montoya,Guanacaste
31941524,María Rodríguez Valverde,Alajuela
57328534,Gabriela Solano Alfaro,Puntarenas
35816353,Ricardo Castro Madrigal,Guanacaste
16294819,Paulina Calvo Pérez,Limón
48481188,Paulina Zamora Bermúdez,Heredia
71492516,Elena Jiménez Fernández,Alajuela
48530347,Paulina Quesada Araya,Heredia
46891952,María Guzmán Valverde,Guanacaste
25428914,Pedro Chaves Fernández,Guanacaste
48980915,Pedro Rodríguez Montoya,Heredia
57189302,Ricardo Chaves López,Alajuela
75801541,Diego Calvo López,Limón
69034958,Javier Calvo Bermúdez,Heredia
23684052,Francisco Saborío Delgado,San José
57041876,Ricardo Rojas Monge,Alajuela
72049645,Elena Quesada Marín,Limón
15713268,Alejandro Sánchez Gutiérrez,Guanacaste
18867190,Valeria Cascante Marín,Cartago
28935169,Laura Zamora Montoya,Cartago
47711251,Lucía Alvarado Pérez,Limón
11158547,Gabriela Quesada Vega,Guanacaste
41968662,Jorge Rodríguez Araya,Puntarenas
48636951,Lucía Solano Alfaro,Puntarenas
45409307,Gabriela Calvo Alfaro,San José
72696860,Mariana Rojas Soto,Limón
59499549,Ana Cascante Valverde,Guanacaste
62293020,Paulina Alvarado Gómez,Guanacaste
15074336,Jorge Castro Monge,Limón
37970985,Alejandro Solano Vega,San José
29328426,Sofía Zamora Montoya,Guanacaste
45859883,Carlos Mora Fernández,Limón
66724909,Valeria Saborío Gómez,Puntarenas
74007598,Carlos Zamora Pérez,Limón
29959220,Mariana Guzmán Araya,Alajuela
41419843,Valeria Guzmán Marín,Puntarenas
16761929,Mariana Chaves Gómez,Heredia
67216461,Ricardo Rojas López,San José
16778321,Carlos Vargas Fernández,Limón
22242387,Pedro Saborío Marín,Guanacaste
18351204,Laura Brenes Gutiérrez,Heredia
48899184,Manuel Cascante Gutiérrez,Cartago
63448176,Juan Cascante Araya,Guanacaste
56910964,Juan Calvo Marín,Limón
31548532,Paulina Leitón López,Puntarenas
54674549,Carlos Castro Monge,San José
36357240,Sofía Alvarado Quirós,San José
76252285,Sofía Solano Soto,Heredia
15123584,Mariana Rodríguez Vega,Alajuela
19825812,Valeria González Herrera,Puntarenas
36144280,José Saborío Bermúdez,Puntarenas
45450404,Luis Alvarado Delgado,San José
68617381,Valeria Saborío Herrera,San José
68699307,María Rodríguez Madrigal,Guanacaste
72803501,José Saborío Salazar,San José
77194416,Sofía Zamora Delgado,Alajuela
39396529,Daniela Quesada Herrera,Alajuela
67191986,Elena González Quirós,Limón
78030010,Pedro Zamora Araya,Alajuela
71615675,Mariana Leitón López,Limón
13223098,Jorge Saborío Campos,Puntarenas
59950276,Valeria Jiménez Bermúdez,Puntarenas
74466502,Carlos Brenes Araya,Alajuela
57017548,Paulina Leitón Vega,Cartago
52225232,Lucía Chaves Alfaro,San José
26502353,Sofía Calvo Marín,Alajuela
17638609,Diego Murillo Campos,Cartago
57844947,Gabriela Alvarado Madrigal,Alajuela
15164624,Francisco Leitón Delgado,Limón
38339797,Diego Guzmán Fernández,San José
25453786,Diego González Alfaro,Puntarenas
43025626,Paulina Guzmán Valverde,Limón
58852574,Lucía Chaves Montoya,Heredia
42919136,Manuel Solano Delgado,Limón
15156449,Sofía Murillo Salazar,San José
52446455,Elena Calvo Marín,Limón
31237370,Pedro Chaves Salazar,Alajuela
75736323,Pedro Jiménez Marín,San José
72860938,Alejandro Rodríguez Madrigal,Guanacaste
17089806,José Leitón Pérez,San José
26952975,Valeria Brenes Salazar,Guanacaste
52421902,Camila Chaves Delgado,Heredia
71206159,Laura Leitón Bermúdez,Alajuela
57517332,Manuel Quesada Monge,San José
21898516,José Castro Monge,San José
18326807,Mariana González Quirós,Puntarenas
75990296,Elena Quesada Herrera,Heredia
36455706,Elena Sánchez Madrigal,Guanacaste
15951131,Mariana Chaves Vega,Cartago
29541658,María González Vega,Alajuela
54666525,Carlos Brenes Delgado,Alajuela
54027557,María Zamora Monge,Limón
61883692,Lucía Cascante Vega,Heredia
77989166,María Vargas Montoya,San José
75015476,Ricardo Quesada Valverde,Limón
46507321,Paulina Brenes Madrigal,Guanacaste
17679674,Francisco Sánchez Soto,Puntarenas
38421839,José Castro Madrigal,Puntarenas
14558545,Carlos Quesada Valverde,Heredia
33760597,Laura Quesada Soto,Cartago
78095702,Lucía Murillo Vega,Guanacaste
12191066,Juan Quesada Herrera,Heredia
55747930,Elena González Marín,Guanacaste
65316188,Javier Brenes Pérez,Alajuela
71050591,Elena Sánchez Delgado,Guanacaste
29427047,Ricardo Mora Alfaro,Heredia
37315953,Diego Mora Vega,Puntarenas
73262450,Camila Murillo Pérez,Guanacaste
66217344,Elena Guzmán Gómez,Alajuela
22832517,María Chaves Madrigal,Guanacaste
16672134,Elena Chaves Monge,San José
45663623,Francisco Chaves López,Alajuela
17474950,Pedro Sánchez Monge,Heredia
74909069,Gabriela Leitón Gómez,Puntarenas
31024528,Paulina Alvarado Marín,Alajuela
36504979,Manuel Calvo Vega,Limón
66069909,Camila Sánchez Alfaro,Limón
79209880,Daniela Calvo Herrera,Limón
33777050,Francisco Sánchez Quirós,Puntarenas
49792411,Alejandro Brenes Fernández,Puntarenas
51430812,Mariana Rojas Campos,Guanacaste
33883553,Francisco Jiménez Alfaro,Heredia
39953825,José Chaves Araya,San José
47474085,Andrés Quesada Monge,Puntarenas
22889899,Daniela Chaves Quirós,San José
61531577,Elena Murillo Quirós,Guanacaste
74106298,María Saborío Monge,Limón
31614394,Ana Jiménez Vega,Puntarenas
62244282,Luis Calvo Salazar,Limón
16655803,Juan Guzmán Monge,Heredia
56501696,Lucía Vargas Monge,Heredia
54240708,Laura Murillo Soto,Cartago
77907400,Francisco Leitón Araya,Heredia
66692553,Luis Brenes Vega,Limón
43247055,Laura Jiménez Bermúdez,Guanacaste
31548888,Valeria Guzmán Valverde,Alajuela
28329435,Juan Rodríguez Madrigal,Guanacaste
26338793,Ana Quesada Gómez,Heredia
31229419,Javier Zamora Montoya,Heredia
28755439,Lucía Mora Herrera,Heredia
13395441,Javier Leitón Valverde,Cartago
14231028,Valeria Guzmán Madrigal,Cartago
14902772,Gabriela Brenes Soto,Limón
59123194,Andrés Guzmán Salazar,Limón
31540736,Valeria Murillo Fernández,Cartago
34162177,Valeria Saborío Vega,Cartago
59106820,Sofía Leitón Delgado,Limón
34817541,Ricardo Cascante Herrera,Limón
49030667,Mariana Mora Alfaro,Heredia
48416270,Ricardo Sánchez Araya,Alajuela
28542478,Alejandro Cascante Montoya,Limón
41649691,Valeria Calvo López,Alajuela
68707870,José Rodríguez Marín,Limón
64603680,Luis Murillo Quirós,Heredia
21734947,Carlos Jiménez Valverde,Alajuela
38159911,Lucía Jiménez Quirós,San José
47261229,Paulina Cascante Soto,Guanacaste
68691502,Javier Quesada Bermúdez,Puntarenas
35276341,Gabriela Vargas Fernández,Puntarenas
12510773,Camila Solano Gómez,Alajuela
37373495,Mariana Quesada Bermúdez,Alajuela
36062779,María Calvo Monge,Guanacaste
65398338,Ricardo González Quirós,Alajuela
68167236,Mariana Vargas Delgado,Alajuela
21743175,Javier Rodríguez Fernández,San José
41289293,Pedro Cascante Delgado,Puntarenas
69961299,José Cascante Madrigal,Alajuela
28796514,Alejandro Rodríguez Marín,San José
57370211,Valeria Alvarado Salazar,Guanacaste
16189037,Lucía Castro Valverde,Alajuela
24348276,Gabriela Zamora Campos,Heredia
75949685,Francisco Rodríguez Valverde,Alajuela
19900022,Daniela Quesada Araya,Guanacaste
11560573,Carlos Quesada Bermúdez,Cartago
73606795,Ana Quesada Valverde,Guanacaste
39511700,Francisco Brenes Campos,Heredia
26920597,Francisco Murillo Alfaro,Limón
34293399,Diego Solano Campos,Guanacaste
76007072,Juan Murillo Araya,Cartago
78841505,Carlos Cascante Alfaro,Puntarenas
12535458,Ricardo González Montoya,Heredia
72500901,Lucía Quesada Salazar,San José
73508522,Ricardo Brenes Alfaro,Cartago
22259379,Carlos Cascante Montoya,San José
36120253,Valeria Sánchez Vega,Cartago
49907391,Lucía Zamora Madrigal,Cartago
15107776,Elena Zamora Vega,Puntarenas
13084353,Andrés González Alfaro,Limón
17893063,Pedro Zamora Alfaro,Alajuela
13117143,Laura Calvo Delgado,Alajuela
46663388,Jorge Mora Araya,San José
11716325,Mariana Murillo Quirós,San José
27387623,Jorge Saborío López,Limón
31852264,Camila Castro Quirós,Cartago
45491946,Camila Leitón Valverde,Heredia
35727085,Elena Quesada Valverde,Heredia
33670896,Laura Leitón Herrera,San José
69347057,Alejandro Guzmán Vega,Guanacaste
74278644,María Quesada Delgado,Heredia
21538552,Mariana Sánchez Campos,San José
66422534,Ricardo Quesada Campos,Cartago
55928582,Ricardo Rodríguez Gómez,Puntarenas
78948107,Andrés Cascante Madrigal,San José
79767312,Diego Castro Quirós,Limón
51668752,Pedro Sánchez Salazar,Cartago
35587856,Laura Brenes Vega,Guanacaste
69748499,Diego Castro Fernández,Heredia
72247057,Daniela Zamora Gutiérrez,Puntarenas
41191186,Jorge Castro Delgado,Limón
54478616,José Brenes Campos,Alajuela
46147356,Francisco Chaves Madrigal,Puntarenas
17418028,Laura Mora Valverde,Limón
49686324,Laura Saborío Gutiérrez,Limón
62326581,José Zamora Herrera,Limón
62596917,Paulina Chaves Vega,Limón
37668663,Juan Sánchez Gutiérrez,Heredia
38225725,Luis Quesada Salazar,Puntarenas
35374922,Diego Murillo Bermúdez,Cartago
37906258,Valeria Leitón López,Heredia
56174418,Ana Sánchez López,Alajuela
42477398,Pedro Murillo Araya,Heredia
46688090,Paulina Rojas Valverde,Cartago
53094235,Lucía Saborío Salazar,Limón
51341153,Pedro Castro Gómez,Heredia
74483557,Ana Castro Quirós,Alajuela
53372774,Francisco Leitón Salazar,Alajuela
12355439,Jorge Alvarado Delgado,Cartago
29648751,Mariana Quesada Vega,Limón
77145971,Paulina Solano Marín,Heredia
29288312,Gabriela Alvarado Campos,Puntarenas
65152891,Luis Sánchez Montoya,Heredia
63563646,Javier Calvo Madrigal,Heredia
26052478,Carlos Jiménez Fernández,Cartago
77227905,Laura Rojas Montoya,Puntarenas
42346371,Sofía Brenes Quirós,Puntarenas
67536772,José Brenes Campos,Limón
43313029,Lucía Leitón Monge,Heredia
73189251,Daniela Sánchez Fernández,Limón
78194570,Juan Chaves Alfaro,Puntarenas
35841933,Pedro Jiménez Pérez,Alajuela
48768911,José Mora Araya,San José
13649811,Camila Saborío López,San José
64964499,Jorge Cascante Monge,Limón
75163555,Carlos Mora Valverde,Guanacaste
54265774,Luis Jiménez Soto,Cartago
29697969,Laura González Bermúdez,Heredia
48531380,Javier Chaves Herrera,Guanacaste
39937982,Elena Rodríguez López,Puntarenas
28944327,Lucía Rojas Vega,Heredia
19564488,Valeria Brenes Salazar,Heredia
77588425,Luis Saborío Fernández,Guanacaste
31041491,Gabriela Solano Madrigal,Heredia
26855396,Alejandro Saborío Bermúdez,Cartago
72812519,Camila Saborío Alfaro,Limón
76097514,Carlos Solano Bermúdez,Cartago
27592683,Daniela Brenes Herrera,Cartago
55871470,Juan Rodríguez Monge,Limón
63588336,Jorge Chaves Delgado,Cartago
55715824,Camila Saborío Gómez,Puntarenas
54700025,Camila Murillo Bermúdez,San José
34514944,Jorge Guzmán Bermúdez,Guanacaste
38684678,Laura Rodríguez Salazar,Cartago
73164813,Andrés Guzmán Salazar,Heredia
27273233,José González Fernández,Puntarenas
19130388,Paulina Cascante Soto,Alajuela
44197911,Pedro Jiménez Gutiérrez,Puntarenas
24324120,Laura Quesada Quirós,Limón
35366937,Ricardo Brenes Bermúdez,Puntarenas
74442778,Paulina Saborío Valverde,Heredia
56395804,Andrés Jiménez Fernández,Alajuela
63522845,Sofía Mora Campos,Guanacaste
19900451,Manuel Brenes Quirós,Heredia
55609384,Andrés Rojas Gómez,Alajuela
26986539,María Saborío Gómez,Alajuela
43518002,Ana Alvarado Valverde,Alajuela
68487220,Ricardo Solano Gómez,Alajuela
18245685,Carlos Chaves Gómez,Heredia
18106422,Andrés Rojas Gutiérrez,Cartago
46147639,Camila Castro Campos,Puntarenas
74975295,María Rojas Marín,Limón
44681284,Jorge Chaves López,Cartago
35055688,Jorge Cascante Marín,Guanacaste
54708297,Camila Sánchez Pérez,Limón
48818250,Pedro Cascante Gómez,San José
35661907,Jorge González Soto,Limón
66029651,Manuel González López,Alajuela
21317716,Manuel Mora Monge,Puntarenas
33917016,Andrés Murillo Soto,Puntarenas
38201433,Sofía Rojas Fernández,Puntarenas
11200603,Paulina Vargas Salazar,Guanacaste
59418719,Ana Brenes Vega,Puntarenas
41494630,Sofía Zamora Delgado,San José
36989032,Mariana Zamora Araya,Alajuela
19646569,Javier Guzmán Montoya,San José
46483562,Elena Brenes Madrigal,San José
62834801,José González Gómez,San José
52562037,Francisco Murillo Quirós,Alajuela
41314430,Lucía Jiménez Alfaro,Alajuela
42322047,Camila Jiménez Quirós,Cartago
14026879,Jorge Vargas López,Cartago
37423230,Javier Chaves Salazar,Limón
25602180,Ana Chaves Vega,Alajuela
26192009,Diego Saborío Delgado,Limón
35227787,Manuel Zamora Gómez,Puntarenas
69240971,José Castro Herrera,Cartago
78768273,María Murillo Campos,Guanacaste
38979730,Sofía Saborío Vega,Alajuela
75819172,Francisco Sánchez Salazar,Cartago
78719145,Diego Solano Valverde,Limón
53135534,Gabriela Saborío Fernández,San José
58149041,Alejandro Chaves Campos,Cartago
75548852,Pedro Saborío Delgado,Heredia
68118722,Juan Quesada Soto,Puntarenas
44116163,Elena Rodríguez Quirós,Limón
73083077,Lucía Calvo Alfaro,Cartago
74860745,Paulina Jiménez Salazar,Limón
46639317,José Zamora Monge,Puntarenas
21743829,Camila Saborío Herrera,Guanacaste
49580255,Sofía Rojas Gutiérrez,Puntarenas
58312936,Diego Mora Araya,Guanacaste
18606317,Mariana Jiménez López,Limón
28043503,Luis Sánchez López,Alajuela
43493621,Ana Murillo Pérez,San José
23726327,María Leitón Soto,Puntarenas
11847927,Camila Quesada Quirós,Puntarenas
22530298,Francisco Brenes López,Cartago
62630140,Laura Calvo Marín,San José
15673599,Andrés Murillo Marín,Heredia
63875339,Javier Vargas Delgado,Guanacaste
41011467,Paulina Guzmán Delgado,Limón
72788238,Ricardo Vargas Quirós,Cartago
32352527,Alejandro Vargas Marín,Limón
55191831,Sofía Jiménez Pérez,Guanacaste
62089496,Ana Mora Alfaro,Guanacaste
11954456,José Zamora Pérez,Guanacaste
51923227,Mariana González Madrigal,Puntarenas
11135267,Elena Saborío Salazar,Heredia
26413349,Paulina Mora Madrigal,Cartago
18802985,Mariana Solano Gutiérrez,San José
42109227,Elena Sánchez Salazar,Heredia
77121835,Alejandro Rojas Fernández,Guanacaste
56453426,Gabriela Solano Delgado,Cartago
13994290,Valeria Rojas Delgado,Heredia
21727544,Jorge Guzmán Montoya,Guanacaste
67569981,Laura Leitón Salazar,Alajuela
16361793,José Saborío Valverde,Cartago
42969410,Manuel Solano Soto,San José
49031491,Paulina Vargas Bermúdez,Guanacaste
27420993,Juan Quesada Herrera,Cartago
18876742,Juan Alvarado Alfaro,Alajuela
18876745,Diego Rodríguez Valverde,Guanacaste
14043480,Alejandro Saborío Madrigal,Guanacaste
37136730,Luis Mora López,Heredia
32409947,Lucía Chaves Herrera,Cartago
13117788,Lucía Leitón Alfaro,Alajuela
15411563,Pedro Alvarado Marín,Guanacaste
24340845,José Leitón Pérez,Puntarenas
39774573,Carlos Rojas Vega,Alajuela
37751158,Camila Leitón Araya,Guanacaste
75286905,Javier Alvarado López,Puntarenas
65743227,Francisco Cascante Marín,Limón
41036161,María Rojas Delgado,Limón
46172545,Daniela Guzmán Araya,Limón
79653253,Jorge González Quirós,San José
48441741,Javier Cascante López,Cartago
63302031,Alejandro Vargas Montoya,Guanacaste
74664338,Francisco Chaves Montoya,Guanacaste
51202450,Ricardo González Herrera,San José
31336852,Mariana Cascante Campos,Limón
32721307,Gabriela Leitón Monge,San José
63768991,Laura Guzmán Bermúdez,Limón
76212643,José Chaves Herrera,Cartago
63539636,Carlos Murillo Madrigal,Puntarenas
65440189,María Saborío Soto,Cartago
77023677,Carlos Cascante Monge,Heredia
25856449,Jorge Chaves Herrera,Heredia
28010946,Valeria Zamora Vega,Heredia
37718473,Javier Leitón Pérez,Guanacaste
13306314,Gabriela Quesada Alfaro,Alajuela
49891787,Carlos Brenes Gutiérrez,Cartago
44116429,Mariana Leitón Marín,San José
47106512,Mariana Guzmán Gutiérrez,Cartago
56379867,Lucía Zamora Montoya,Cartago
77031903,Gabriela Rodríguez Bermúdez,Alajuela
65112546,Lucía Calvo Campos,Guanacaste
77441514,Luis Solano López,Limón
62597613,Laura Zamora Delgado,Alajuela
73689594,Jorge Jiménez Araya,Puntarenas
24390138,María González Quirós,Alajuela
19425786,Sofía Rodríguez Montoya,Puntarenas
71543292,Ana Alvarado Campos,Heredia
37014016,Juan Rojas Pérez,Puntarenas
12503554,Valeria Zamora Pérez,Guanacaste
55806467,Alejandro Brenes Salazar,Heredia
14576135,Gabriela Chaves Gómez,Heredia
34318855,Francisco Quesada López,Cartago
44894730,Elena Vargas Bermúdez,Alajuela
41257489,Ricardo Calvo Valverde,San José
66013715,Manuel Rodríguez Marín,Heredia
42191383,Mariana Brenes Delgado,Limón
11110936,Ana Rodríguez Bermúdez,Limón
73493017,Javier Cascante Alfaro,Heredia
72264218,Alejandro Mora Montoya,Heredia
36309530,Gabriela Saborío Marín,Alajuela
23276065,Andrés Quesada Campos,Guanacaste
72993318,Ricardo Rodríguez López,Alajuela
36284972,Alejandro Alvarado Montoya,Heredia
33557039,José Sánchez Gómez,Cartago
55487028,Mariana Castro Delgado,Puntarenas
68930103,Sofía González Monge,Cartago
24431161,María Brenes Soto,Limón
17189439,Juan Saborío Valverde,Alajuela
22137407,Luis Rojas Soto,Puntarenas
69028420,Luis Jiménez Soto,Guanacaste
32459332,Mariana Calvo Alfaro,Heredia
34867786,Laura Leitón Herrera,Heredia
35695180,Sofía Calvo Montoya,Heredia
57322070,Valeria Chaves Pérez,Puntarenas
46541407,Luis Leitón Salazar,Puntarenas
55437923,Andrés Chaves Bermúdez,Puntarenas
46262886,Ricardo Quesada Herrera,Heredia
46205543,Jorge Chaves Madrigal,Alajuela
41486955,Diego Jiménez Salazar,Guanacaste
24906349,Paulina Mora Fernández,Cartago
65186414,Luis Rodríguez Montoya,Heredia
47327855,Daniela Alvarado Campos,Puntarenas
14256752,Javier Brenes Herrera,Limón
53799538,Andrés Mora Herrera,Alajuela
68987516,Juan Calvo Quirós,Cartago
52603516,Gabriela Leitón Quirós,Alajuela
73820798,Gabriela González Alfaro,Puntarenas
77064832,Juan Castro Marín,Puntarenas
27454081,Jorge Murillo Herrera,Guanacaste
45582979,Gabriela Murillo Delgado,Alajuela
12044933,José Murillo Vega,Alajuela
67783308,Elena Zamora Alfaro,San José
46271120,Daniela Rodríguez Valverde,Heredia
31705758,Laura Zamora Pérez,San José
78015136,Elena Solano Quirós,Heredia
59910817,Ricardo Rojas Campos,Alajuela
73091745,Daniela Cascante López,Guanacaste
62425760,Paulina Cascante Montoya,Heredia
48040612,Gabriela Leitón Quirós,Guanacaste
13380261,Alejandro Vargas Monge,San José
63408819,Manuel Solano López,Alajuela
68315831,Alejandro Saborío Soto,Puntarenas
74255051,María Saborío Soto,Guanacaste
76647119,Jorge Vargas Pérez,Cartago
25791184,Manuel Cascante Bermúdez,Limón
75147994,Sofía Solano Fernández,Heredia
55200476,Sofía Calvo López,Puntarenas
52906718,Alejandro Chaves Campos,Limón
16919270,Javier Solano Marín,Puntarenas
37309161,Alejandro Mora Fernández,Limón
29567725,Francisco Saborío Herrera,Heredia
17754864,Daniela Rojas Campos,San José
18688755,Elena Solano Madrigal,Puntarenas
54020853,Andrés Solano Marín,Cartago
69831414,Diego Sánchez Araya,San José
49367799,Ana Solano Delgado,San José
56503032,Alejandro Cascante Monge,Guanacaste
69249789,Elena Cascante Salazar,Heredia
29821696,María Sánchez Montoya,Guanacaste
58297090,Mariana Chaves Fernández,Limón
42289923,Luis Sánchez López,Heredia
57363203,Sofía Alvarado Campos,Cartago
26733317,Javier Sánchez Araya,Alajuela
74853123,Andrés Rodríguez Quirós,Limón
47024901,Pedro Rodríguez Campos,Heredia
42306317,Camila Saborío Gómez,Guanacaste
66956059,Camila González Pérez,Guanacaste
74681115,Mariana Murillo Campos,Heredia
52677407,Manuel Jiménez Quirós,Guanacaste
25135904,Juan González Salazar,Cartago
58895137,Gabriela Saborío Pérez,San José
57133857,Elena Chaves López,Puntarenas
34679591,Lucía Vargas Herrera,Limón
66038571,María Leitón Quirós,Cartago
48835373,Diego Jiménez López,San José
71019311,Daniela Sánchez Fernández,Puntarenas
57027375,Sofía Calvo Quirós,Guanacaste
71813936,Valeria Sánchez Campos,Puntarenas
51563316,Francisco Castro López,San José
73272119,Jorge Alvarado Montoya,Cartago
33639223,José Jiménez Gutiérrez,Limón
74165061,Valeria Jiménez Bermúdez,Heredia
26938182,Luis Mora Valverde,Cartago
51473227,Alejandro Guzmán Monge,Alajuela
54995789,Ricardo Zamora Quirós,San José
32164686,Ana Leitón Monge,San José
16501583,Camila Calvo Bermúdez,Heredia
71863121,Gabriela Rojas Valverde,Guanacaste
32738129,Francisco Calvo Delgado,Alajuela
76614484,Gabriela Leitón Vega,Guanacaste
13388630,Paulina Murillo Vega,Limón
18885465,Elena Calvo Alfaro,Puntarenas
28412769,Sofía Zamora Gómez,San José
53472100,Juan Solano Araya,Puntarenas
66587495,Andrés Calvo Gutiérrez,Heredia
25045872,María Rojas Delgado,Guanacaste
34024309,Javier Zamora Gómez,Puntarenas
71691125,Andrés Alvarado Valverde,Limón
64736121,Carlos Alvarado Bermúdez,Guanacaste
57011065,Valeria Rojas Gómez,San José
74607488,Mariana Rojas Montoya,Heredia
72903561,Paulina Leitón Quirós,San José
38988681,Elena Zamora Montoya,Limón
69192588,Diego Murillo Vega,Limón
73698193,María Chaves Vega,Alajuela
29961107,Javier Solano Salazar,Cartago
73927575,Manuel Guzmán López,Limón
65006492,Alejandro Alvarado Madrigal,Puntarenas
23595941,Mariana Rojas Salazar,Guanacaste
65604524,Juan Zamora Madrigal,Puntarenas
15936453,Diego Castro Marín,Alajuela
62368710,Pedro Rodríguez Montoya,Heredia
32385991,Javier Saborío Fernández,Guanacaste
44346315,Gabriela Cascante Fernández,Guanacaste
23112652,Ana Alvarado Montoya,Puntarenas
78351320,María Brenes Gutiérrez,San José
65014745,Camila González Delgado,Heredia
33475548,Sofía Zamora Monge,Cartago
73403361,Elena Mora Delgado,Limón
65694689,María Zamora Marín,Heredia
51604451,Alejandro Rodríguez Vega,Guanacaste
59468772,Luis Zamora Montoya,Heredia
47705062,Paulina Quesada Bermúdez,Limón
72813543,Diego Chaves Araya,Limón
74206183,Alejandro Chaves Pérez,Puntarenas
17083379,María Solano Soto,Puntarenas
23514105,Alejandro Mora Gómez,Cartago
11176962,María Calvo Marín,Cartago
51170307,Manuel Vargas Araya,Guanacaste
57969667,Jorge Alvarado Gómez,Guanacaste
53586950,Jorge Alvarado Pérez,Cartago
23530518,Andrés Zamora Bermúdez,Cartago
18033690,Valeria Rojas Campos,Puntarenas
73198638,Ana Brenes Herrera,Alajuela
14371891,Pedro Mora Gómez,Guanacaste
51899447,Valeria Quesada Araya,Alajuela
78425149,Valeria Castro Salazar,Cartago
17640518,Pedro Chaves Bermúdez,Guanacaste
77720647,Laura Sánchez Marín,Cartago
65408072,Gabriela Rojas Salazar,Heredia
55635017,María Chaves Gómez,Heredia
38153291,Mariana Vargas Araya,Heredia
73747534,María Jiménez Gutiérrez,Heredia
15436878,Elena Calvo Madrigal,Puntarenas
38538325,Ricardo Solano Quirós,Cartago
74706007,Sofía Rojas Pérez,Puntarenas
32402526,Jorge Saborío Marín,Limón
34761823,Jorge Solano Madrigal,Alajuela
24185957,Carlos Solano Araya,Heredia
27946088,Sofía Solano Vega,Alajuela
27372653,Laura Chaves Quirós,Cartago
38612081,Lucía Cascante Fernández,Puntarenas
51162230,Mariana Rojas Montoya,Heredia
21834876,Camila Rodríguez Marín,Heredia
28494978,Ana Castro Vega,Heredia
57724045,Elena Alvarado Delgado,Guanacaste
45108369,Francisco Chaves Monge,San José
53136529,José Mora Montoya,Guanacaste
54226067,Javier Jiménez Bermúdez,Guanacaste
43551903,Manuel Cascante Madrigal,Heredia
62893218,Laura Calvo Alfaro,Guanacaste
14699685,Elena Murillo Soto,San José
64195751,Diego Zamora Madrigal,Heredia
78531761,Daniela Leitón Montoya,Guanacaste
16755892,Ricardo González Fernández,Puntarenas
44158134,Mariana Jiménez Madrigal,Limón
33762487,Camila Mora Madrigal,Guanacaste
49188027,Manuel Rojas Salazar,San José
16338112,Manuel Sánchez Bermúdez,Heredia
42642635,Carlos Calvo Araya,Puntarenas
13610197,Gabriela Cascante Montoya,Heredia
48581856,Javier Vargas Marín,Alajuela
42044645,Luis Leitón Gómez,Limón
46312692,Luis Chaves Campos,Guanacaste
48942330,Sofía Cascante Quirós,Guanacaste
57847048,Manuel Zamora Pérez,Puntarenas
25480460,Diego Alvarado Madrigal,Limón
69201172,Mariana Alvarado Gutiérrez,Puntarenas
64310554,Lucía Jiménez Madrigal,San José
12692765,Gabriela Quesada Soto,Limón
43011363,Luis Alvarado López,Cartago
76475691,Valeria Vargas Gómez,Puntarenas
38767916,Valeria Castro Araya,Limón
73329967,Sofía Rodríguez Alfaro,Heredia
56323376,Ricardo Leitón Soto,Puntarenas
63294774,Diego Cascante Soto,Heredia
36228407,Daniela Saborío Pérez,Puntarenas
33410360,Elena Murillo Herrera,Alajuela
11849015,Valeria Cascante Delgado,Limón
61451577,Daniela Chaves Bermúdez,Limón
46304573,Mariana Chaves Herrera,San José
16059717,Carlos Rodríguez Herrera,Puntarenas
69184838,Camila Guzmán Herrera,San José
45780297,Luis Guzmán Campos,Limón
38481225,Ricardo Calvo Gutiérrez,Guanacaste
43699529,Elena Solano Monge,Heredia
26111313,Valeria Solano Soto,Cartago
34524499,Laura Sánchez Gutiérrez,Guanacaste
68750676,Juan Leitón Vega,Limón
45845843,Paulina González Monge,Cartago
65531230,Daniela Saborío Madrigal,Cartago
69143903,María Vargas Madrigal,Heredia
56020319,Ricardo Castro Araya,Guanacaste
43806047,Camila Jiménez Herrera,Puntarenas
63499627,Paulina Quesada Valverde,Heredia
66440561,Alejandro Jiménez Monge,Guanacaste
66170227,Carlos González Vega,Puntarenas
63204724,Paulina Jiménez Salazar,Limón
32910720,Francisco Alvarado Quirós,San José
38563202,Diego Saborío Gómez,Heredia
46615941,Manuel Quesada Vega,Guanacaste
53824903,Paulina Rojas Gutiérrez,Cartago
17960328,Sofía Alvarado Fernández,San José
23981450,Ricardo Calvo Bermúdez,Puntarenas
13299088,Francisco Brenes López,Puntarenas
57437584,Camila Leitón Fernández,Guanacaste
59993490,María Alvarado Quirós,San José
43822492,Sofía Murillo Marín,Alajuela
27905438,Alejandro Jiménez Valverde,Cartago
65072543,Luis Calvo Valverde,Cartago
42732967,Pedro Rodríguez Araya,Guanacaste
52006313,Elena Leitón Herrera,Puntarenas
12471723,Manuel Castro Fernández,Cartago
38596016,Ricardo González Vega,Alajuela
39603633,Alejandro Vargas Montoya,San José
29289908,Luis Calvo Herrera,Limón
61812172,Camila Guzmán Soto,Alajuela
12561871,Mariana Solano Fernández,Alajuela
14429650,Francisco Castro López,Puntarenas
73321942,Pedro Mora López,Alajuela
31043037,Manuel Cascante Vega,Cartago
24374754,Camila Saborío Alfaro,Heredia
62737893,Mariana Cascante Vega,Cartago
65261032,Luis Quesada Gutiérrez,San José
57724393,Sofía Solano Soto,Puntarenas
18410995,Diego Quesada López,San José
38202871,Valeria Castro Gutiérrez,Guanacaste
24800761,Javier Brenes Montoya,Cartago
69406206,Pedro Mora Valverde,Puntarenas
56258048,Francisco Cascante Campos,Limón
76688907,Mariana González Madrigal,Limón
24612365,Andrés Quesada Montoya,Puntarenas
47402509,Ricardo Sánchez Montoya,Guanacaste
16346644,Juan Rodríguez Marín,San José
37817881,Daniela Mora Monge,San José
71675419,Mariana Solano Delgado,Alajuela
38350368,Paulina Alvarado Valverde,Alajuela
44961312,María Rodríguez Quirós,San José
75951651,María Calvo Pérez,Guanacaste
39546409,Javier Mora Araya,San José
11914794,Gabriela Chaves Soto,Puntarenas
34016809,Jorge Leitón Fernández,San José
69037616,Ricardo Sánchez Valverde,Cartago
24645172,Manuel Jiménez Campos,Cartago
21851702,Jorge Guzmán Montoya,Cartago
58986040,Elena Jiménez Valverde,Limón
76303930,María Cascante Soto,Cartago
18558523,María Brenes Valverde,Alajuela
13938247,Manuel Jiménez Vega,Alajuela
27938388,Gabriela Cascante Fernández,Puntarenas
77074006,Camila Mora Herrera,Guanacaste
16625238,Jorge Guzmán Pérez,Guanacaste
23359075,Javier Mora Campos,Puntarenas
38612582,Pedro Mora López,San José
69430894,Carlos Leitón Valverde,Limón
23219824,Manuel Rodríguez Vega,Alajuela
32362099,Javier Rodríguez López,Puntarenas
73420404,José Brenes Herrera,Puntarenas
66473593,Diego Cascante Madrigal,San José
44420734,Alejandro Murillo Vega,Heredia
42970754,José Jiménez Salazar,Alajuela
61992583,Juan Cascante Vega,San José
58035849,Francisco Saborío Delgado,Cartago
25456272,Mariana Alvarado Soto,San José
29453969,Javier Jiménez Delgado,Guanacaste
62066326,Diego Jiménez Campos,Limón
72421022,Jorge Alvarado Pérez,Alajuela
17485471,Valeria Vargas Soto,Puntarenas
68669093,Andrés Alvarado Soto,San José
24546989,Javier Castro Vega,San José
21843636,Javier Solano Pérez,Alajuela
65941179,María Zamora Gómez,Puntarenas
26504900,Francisco González Vega,Heredia
59854536,Carlos Saborío Bermúdez,Heredia
18534089,Valeria Solano Gómez,San José
13561552,Diego Vargas Montoya,Limón
49901266,Paulina Vargas Soto,San José
59526867,Andrés Quesada Campos,Puntarenas
34991829,Valeria Chaves Madrigal,Alajuela
61861596,Carlos Vargas Herrera,Heredia
64589533,Javier Rodríguez Vega,Guanacaste
21114590,María González Herrera,San José
11841248,Elena Vargas Bermúdez,Limón
53997281,Ana Solano Quirós,Alajuela
26160869,Francisco Jiménez Araya,San José
43306725,Camila Calvo Quirós,Alajuela
16649968,Carlos Zamora Gutiérrez,Cartago
57913081,Paulina Cascante Montoya,San José
15101689,Mariana Leitón Salazar,Alajuela
64540415,Diego Zamora López,Guanacaste
73182975,Elena Rojas Marín,San José
67636992,Pedro Chaves Gutiérrez,Alajuela
75525929,Ricardo Castro Salazar,Alajuela
21327658,Manuel González Madrigal,San José
12005173,Luis Mora Quirós,Heredia
37850944,Jorge Sánchez Gómez,Heredia
38235969,Carlos Rodríguez Gómez,Alajuela
15896386,Carlos Leitón Bermúdez,Heredia
71929673,Ricardo Murillo Herrera,Alajuela
72453962,Luis Brenes Monge,Heredia
56643410,Daniela González Fernández,Guanacaste
67850067,Ricardo Vargas Quirós,Alajuela
34705235,Ricardo Murillo Quirós,San José
72224599,Javier Alvarado Delgado,Heredia
33386328,Juan Saborío Alfaro,Alajuela
22622046,Ana Quesada Araya,Guanacaste
59551583,Lucía Saborío Monge,Alajuela
43503456,Manuel Zamora Valverde,San José
17649508,Andrés Mora Herrera,Puntarenas
55218028,Camila Murillo Fernández,Alajuela
43896693,Mariana Vargas López,Puntarenas
19386232,Lucía Alvarado Pérez,Heredia
44019585,Pedro Rojas Quirós,Limón
56266630,Jorge Solano López,San José
47353742,Paulina Vargas Salazar,Alajuela
65302415,Elena Rodríguez Vega,Guanacaste
71790481,Ana Jiménez Alfaro,Puntarenas
52375453,Manuel Leitón Madrigal,Cartago
28250013,Daniela Zamora Montoya,Alajuela
19099554,Jorge Mora Montoya,Alajuela
58175395,Ana González Gutiérrez,Limón
16207779,Andrés Cascante Alfaro,San José
77189034,Camila Leitón Vega,San José
65195951,Daniela Chaves Pérez,Guanacaste
26062767,Manuel Sánchez Soto,Cartago
16543670,Luis Solano Pérez,Puntarenas
69234615,Lucía Brenes Pérez,Cartago
64262081,Luis Vargas Madrigal,San José
31879109,Pedro Chaves Araya,Limón
71937991,Manuel Solano Gutiérrez,Alajuela
79966154,Jorge Rojas Alfaro,Cartago
58650572,Gabriela Sánchez Quirós,Alajuela
42651601,Francisco Saborío Alfaro,San José
25063384,Daniela Quesada Vega,Limón
35909595,Andrés Leitón Vega,Limón
37416943,Manuel Brenes Gómez,Puntarenas
58666995,Daniela González Alfaro,Cartago
38096887,Daniela Leitón Alfaro,Guanacaste
21409790,Luis Leitón Gómez,Heredia
52695038,María Vargas Vega,Puntarenas
33427461,Jorge Quesada López,Heredia
23777286,Alejandro Cascante Vega,Limón
42307594,Ricardo Mora Campos,Heredia
43347981,Laura Jiménez Salazar,Limón
77738019,Juan Guzmán Pérez,Alajuela
18108462,Lucía Alvarado Alfaro,Puntarenas
36007984,Carlos Rodríguez Vega,Puntarenas
74346548,Sofía Sánchez Campos,Limón
49131572,Francisco Leitón Gómez,Heredia
62746679,Manuel Chaves Soto,Alajuela
14725179,Lucía Solano Gómez,Limón
66752576,Javier Jiménez Soto,Puntarenas
15044680,Diego Quesada López,Cartago
14823498,Daniela Brenes Quirós,Guanacaste
62754894,Francisco Zamora Marín,Guanacaste
66064462,Diego Vargas Monge,Puntarenas
56569946,Lucía Vargas Araya,Heredia
46452832,Lucía Solano Quirós,San José
77869154,Lucía Castro Fernández,Puntarenas
22130789,Valeria Jiménez Salazar,Puntarenas
68710502,Jorge Zamora Herrera,Cartago
37154919,Laura Saborío Araya,Puntarenas
71602286,Camila Leitón Pérez,Limón
79630451,Paulina González Montoya,Cartago
48558197,Pedro Quesada Gutiérrez,Cartago
52785277,María Jiménez Delgado,Cartago
25833597,Manuel Murillo Monge,Guanacaste
57585795,Ana Murillo Salazar,Puntarenas
66367620,Valeria Alvarado Campos,Guanacaste
48763013,Lucía Jiménez Pérez,Heredia
16257165,Carlos Jiménez Soto,Alajuela
57520284,Sofía Jiménez Araya,Alajuela
63418526,Pedro Mora Herrera,Heredia
74305700,Luis Zamora Monge,Puntarenas
73846949,Juan Alvarado Gutiérrez,Puntarenas
57069742,Valeria Chaves Vega,Cartago
62197935,Daniela Solano Gómez,Cartago
63090865,Andrés Jiménez Gómez,Limón
66834610,Laura Quesada Montoya,Heredia
38391997,Francisco Rojas Montoya,Heredia
55349442,Francisco Quesada Salazar,Heredia
75608259,Manuel Alvarado Madrigal,Alajuela
36679880,Sofía Sánchez Valverde,Alajuela
28438733,Camila Castro Bermúdez,Limón
58495187,María Chaves Delgado,Cartago
12685524,Manuel Sánchez Quirós,Alajuela
65949909,Ricardo Saborío Bermúdez,Alajuela
56185050,Elena Chaves Fernández,Alajuela
25669851,Ana Vargas Montoya,Guanacaste
26398941,Luis Solano Valverde,Cartago
72290526,Elena Zamora Salazar,Puntarenas
32305378,María Rojas Delgado,Alajuela
46551268,Lucía Solano Salazar,Alajuela
53498085,Valeria Alvarado Araya,San José
14905582,José Murillo Herrera,Heredia
41054447,Diego Chaves Gómez,Puntarenas
45887726,Valeria Quesada Montoya,Puntarenas
77795568,Ricardo Alvarado Vega,Cartago
32010496,Jorge Leitón Herrera,Limón
24457475,Francisco Solano Montoya,Puntarenas
55963914,Ana Murillo López,Alajuela
52916496,Mariana Saborío Araya,Cartago
61878547,Juan Cascante Quirós,Limón
66900247,Laura Solano Delgado,San José
36204824,Diego Vargas Quirós,Puntarenas
73036059,Andrés Leitón Monge,Alajuela
61157662,Jorge Brenes Pérez,San José
61190431,Carlos Saborío Campos,Puntarenas
24785186,Mariana Jiménez Monge,Heredia
78868776,Andrés Murillo Montoya,Guanacaste
48558378,Gabriela Quesada López,Puntarenas
63328554,Lucía Cascante Herrera,Puntarenas
58757420,Daniela Castro Soto,Cartago
79311162,Juan Alvarado Delgado,Cartago
21107003,Sofía Solano Salazar,San José
31781180,Andrés Solano Gutiérrez,Limón
72683838,Manuel Alvarado Fernández,Limón
78795078,Paulina Guzmán Gutiérrez,Alajuela
28676422,Francisco Calvo Marín,Alajuela
26276177,Andrés Alvarado Vega,Limón
23679315,Alejandro Rojas Marín,Guanacaste
71520596,Jorge Cascante Marín,San José
32133461,Daniela Brenes Gutiérrez,Alajuela
49770838,Valeria Solano Madrigal,Limón
74486102,Luis Zamora Fernández,Limón
37032283,José Alvarado Salazar,Heredia
73650523,María Alvarado Madrigal,Cartago
44585314,Camila Saborío Campos,Alajuela
53686631,Juan Rodríguez Herrera,Cartago
72044906,Sofía Murillo Araya,Puntarenas
12718442,Mariana Alvarado Gutiérrez,Alajuela
38072684,Camila González Gómez,San José
59060593,Jorge Brenes Vega,San José
66908535,Gabriela Castro Madrigal,Heredia
58962302,Francisco Guzmán Valverde,Puntarenas
15585666,Mariana Murillo Araya,Cartago
76075395,Alejandro Leitón Gómez,Limón
53531028,Pedro Sánchez Madrigal,San José
73109911,Luis Rojas Campos,Puntarenas
29536665,Luis Castro Fernández,San José
28053918,Pedro Castro Gutiérrez,Puntarenas
64655777,Lucía Vargas Bermúdez,Cartago
38031780,Alejandro Jiménez Monge,Alajuela
66261415,Jorge Sánchez Araya,Guanacaste
14143912,Jorge Sánchez Salazar,Cartago
33345961,Diego Alvarado Valverde,Puntarenas
22679975,Ricardo Castro Araya,Guanacaste
63500715,Francisco Castro Herrera,San José
62968239,Luis Quesada Bermúdez,Cartago
71938483,Jorge Murillo Gutiérrez,Cartago
61272499,Elena Mora Pérez,Alajuela
24220085,Alejandro González Pérez,Limón
72839607,Valeria Calvo Monge,Limón
33640889,Valeria Saborío Araya,Heredia
71381435,Manuel Jiménez Araya,Limón
11760064,Luis Rodríguez Vega,Cartago
33853891,Sofía Castro Herrera,Limón
15962567,Manuel Calvo Monge,Limón
64860617,Diego Sánchez Bermúdez,San José
71995859,Paulina Mora Alfaro,Alajuela
59142618,Ricardo Chaves Alfaro,Cartago
49254874,Luis Zamora Herrera,San José
57700828,Daniela Mora Marín,San José
36557278,Jorge Murillo Gutiérrez,San José
43086308,Andrés Mora López,Limón
24744423,Mariana Quesada Madrigal,San José
55587308,Camila Mora Valverde,San José
32977390,Carlos Alvarado Gómez,Limón
72217071,Ana Mora Quirós,Alajuela
74117625,Francisco Zamora Fernández,Puntarenas
48583162,Lucía Rodríguez Marín,Alajuela
11801102,Paulina Brenes Madrigal,Cartago
24187406,Lucía Sánchez Monge,Limón
36065810,Paulina Calvo Alfaro,Guanacaste
11899411,Francisco Jiménez Araya,Limón
78221845,Francisco Rodríguez Monge,Alajuela
71447065,Ricardo Zamora Bermúdez,Alajuela
32813596,Jorge Saborío Gómez,Puntarenas
72258076,Ana Zamora Monge,Limón
18231838,Ricardo Murillo Delgado,Puntarenas
38203947,Francisco Sánchez Campos,Puntarenas
26882609,Ana Sánchez Delgado,Heredia
39014965,Daniela Zamora Monge,Alajuela
25137722,Daniela Mora Montoya,San José
13644347,Manuel Mora Monge,Alajuela
57594429,Camila Castro Bermúdez,Guanacaste
19722815,Paulina Vargas Marín,Cartago
14979651,Camila Mora Soto,Cartago
11432519,Manuel Calvo Bermúdez,Puntarenas
41816653,Manuel González Salazar,Heredia
18190929,Sofía Guzmán Pérez,Limón
58290770,Carlos Murillo Delgado,Alajuela
22516313,Juan Murillo Araya,Heredia
43192921,Manuel Quesada Marín,San José
73937508,Luis Cascante Soto,Puntarenas
73011815,Francisco Mora Fernández,San José
18920040,Lucía Zamora Montoya,Alajuela
78082668,Gabriela Cascante Araya,Alajuela
12882551,Daniela Murillo Valverde,Limón
65081983,Ricardo Leitón Madrigal,Cartago
78099076,Jorge Cascante Delgado,Heredia
57528964,Mariana Calvo Soto,Heredia
41325197,Alejandro Brenes Herrera,Limón
15495824,Manuel Mora Araya,Cartago
76493461,Camila Murillo Alfaro,Puntarenas
28267158,Luis Rodríguez Araya,Puntarenas
23376537,María Jiménez Vega,Puntarenas
78795419,Juan Sánchez Soto,Guanacaste
15504038,Mariana Rojas Herrera,Cartago
31257256,Gabriela Calvo Araya,Limón
37360307,Carlos Quesada Vega,Limón
37515956,Manuel Zamora Bermúdez,Puntarenas
53310140,Camila Murillo Monge,Cartago
32944841,Valeria Rojas Salazar,Guanacaste
71676621,Juan Vargas Gutiérrez,San José
41849559,José Solano Montoya,Limón
68416216,José Solano Campos,San José
71946973,María Sánchez Salazar,Puntarenas
68956894,Jorge Alvarado Fernández,Heredia
36262632,Daniela Chaves Bermúdez,Puntarenas
54694634,José Murillo Araya,Guanacaste
62739191,Mariana Murillo Salazar,Puntarenas
25096953,Valeria Leitón Vega,Heredia
59511546,Valeria Sánchez Monge,San José
42865405,José Brenes Vega,Guanacaste
64058117,José Calvo Delgado,Limón
37425930,Sofía Rojas López,San José
73970445,Francisco Vargas Herrera,Limón
66024207,Lucía Castro Madrigal,San José
18289425,Jorge Rojas Soto,San José
12096280,Daniela Castro Delgado,Heredia
23941912,Lucía Vargas Alfaro,Alajuela
41349914,Laura Alvarado Madrigal,San José
38064924,Ricardo Jiménez Bermúdez,San José
43791137,Diego Sánchez Gómez,Guanacaste
51688246,Diego Vargas Campos,Puntarenas
28447546,Daniela Leitón Monge,Heredia
36770619,Pedro Rodríguez Vega,Guanacaste
26587964,Juan Rojas Soto,Guanacaste
12530497,José Rojas Madrigal,San José
79106886,Camila Mora Pérez,Cartago
77312844,Camila Quesada Montoya,Alajuela
79516493,Gabriela Alvarado Delgado,Heredia
28062546,Andrés Murillo Marín,Limón
11129686,Valeria Zamora Bermúdez,Cartago
69186400,María Alvarado Madrigal,Heredia
43570027,Laura Calvo Marín,Puntarenas
27988844,Francisco Mora Madrigal,Cartago
48206700,Pedro Jiménez Madrigal,Limón
27210606,Alejandro Murillo Gutiérrez,Alajuela
76632941,Lucía Jiménez Bermúdez,Guanacaste
66794356,Sofía Guzmán Salazar,Cartago
56996728,Andrés Guzmán Soto,Cartago
69235577,Gabriela Quesada Campos,Puntarenas
37499771,Jorge Saborío Fernández,San José
52351868,Javier Quesada Fernández,Guanacaste
49419134,Camila Zamora Campos,Cartago
28963715,Javier Saborío Quirós,Limón
57070468,Jorge Guzmán Madrigal,Puntarenas
43955087,Javier Vargas Monge,Alajuela
48698256,Lucía Solano Herrera,Alajuela
49935249,Luis Alvarado Gutiérrez,Heredia
51508113,Diego Jiménez Pérez,Limón
38138769,Daniela Brenes Bermúdez,Puntarenas
53384080,Elena Brenes Quirós,Alajuela
72315798,José González Araya,Alajuela
66696087,Andrés Rodríguez Alfaro,Limón
34517918,Sofía Solano Vega,Guanacaste
63247270,Daniela Guzmán López,Alajuela
79745959,Elena Brenes Herrera,San José
12022698,Pedro Brenes Salazar,Alajuela
63566765,Javier Vargas Vega,Limón
45896624,Juan Vargas Marín,Cartago
34919346,Gabriela Alvarado Marín,Heredia
59315137,Lucía Jiménez Soto,Limón
33977282,Paulina Chaves Alfaro,San José
59102153,Francisco Quesada Araya,Guanacaste
63050700,Mariana Leitón Monge,Cartago
37319630,Camila Jiménez Alfaro,Guanacaste
46429135,Ana Rojas Montoya,Limón
45446095,Francisco Cascante Alfaro,Heredia
79459284,Andrés Chaves Araya,Alajuela
12514267,Andrés Brenes Campos,Heredia
77067228,Pedro Leitón López,Heredia
63583206,Valeria Castro Araya,Cartago
36008935,Valeria Guzmán Vega,Puntarenas
67949543,Laura Brenes Herrera,Cartago
28439543,Camila Castro Bermúdez,San José
64123902,Javier Calvo López,Limón
66442241,Paulina Vargas Alfaro,Cartago
51942411,Valeria Cascante Bermúdez,Puntarenas
67752972,Ricardo Castro Araya,Guanacaste
64574477,Laura Solano Soto,San José
71709714,José Brenes Bermúdez,San José
37655572,Jorge González Bermúdez,Alajuela
42349590,Elena Solano Montoya,Limón
46068760,Jorge Guzmán López,Cartago
51262492,Carlos Murillo Vega,Puntarenas
49124385,Daniela Rojas Gutiérrez,Limón
72160289,Ana Sánchez Valverde,Guanacaste
18273315,Carlos Castro Gutiérrez,Guanacaste
13923366,Paulina Saborío Montoya,Heredia
23335975,Ricardo Rodríguez López,Puntarenas
37360682,Javier Sánchez Campos,Limón
78902314,Javier Chaves Gómez,Heredia
42718262,Andrés Alvarado Montoya,Guanacaste
24630331,Carlos Mora Fernández,Alajuela
33289279,Alejandro Chaves Quirós,Puntarenas
75641923,Daniela Rojas Campos,Heredia
58217547,Paulina Chaves Valverde,Alajuela
23213134,Mariana Leitón Montoya,Limón
55014486,Sofía Zamora Marín,Heredia
39801946,Lucía Sánchez Soto,Heredia
74699871,Francisco González Gómez,San José
33191007,Valeria Calvo Alfaro,San José
41088100,Manuel Zamora Valverde,Puntarenas
62600296,Elena Vargas Soto,Guanacaste
23057514,Daniela Calvo Valverde,Alajuela
78279795,Carlos Castro Fernández,Guanacaste
75682940,Ana Rodríguez Monge,Heredia
14922880,Jorge Solano Vega,San José
65164420,Laura Zamora Pérez,Limón
59036805,Pedro Alvarado Vega,Heredia
34985095,Luis Guzmán Pérez,Guanacaste
38761611,Andrés Alvarado Pérez,Heredia
79385742,Elena Guzmán Herrera,San José
47912082,Sofía Brenes Alfaro,Guanacaste
68342941,Manuel González Delgado,Guanacaste
61093026,Mariana Solano Marín,San José
73684131,Camila Chaves Montoya,Puntarenas
16438436,José Zamora Soto,Puntarenas
24188068,Daniela Calvo Valverde,San José
41415846,Ana Saborío López,San José
63607983,Diego González Vega,Cartago
21771442,Gabriela Calvo López,San José
63657144,Pedro Quesada Quirós,Heredia
47264956,Sofía Cascante Delgado,Alajuela
33477824,Valeria Vargas Madrigal,Alajuela
46716097,Pedro Sánchez Monge,Heredia
14070977,Diego Solano Herrera,San José
31962308,Diego Quesada Gutiérrez,Alajuela
64517316,Pedro Mora Montoya,San José
55342289,Luis Murillo Valverde,Puntarenas
77829332,Lucía Guzmán Bermúdez,Cartago
11367637,Gabriela Brenes Monge,Cartago
79729882,Daniela Sánchez Montoya,Puntarenas
63231198,Camila Chaves Salazar,Limón
74052834,Mariana Solano López,Alajuela
22828260,Luis Vargas Alfaro,Alajuela
45577446,María Murillo Valverde,Alajuela
17462506,Ricardo Solano Gutiérrez,San José
41858283,Camila Vargas Campos,Cartago
67818732,Ricardo Saborío Vega,Heredia
52344047,Camila Mora Herrera,San José
43177199,Lucía Jiménez Pérez,Limón
24138993,Sofía Sánchez Fernández,Puntarenas
52319479,Alejandro Brenes Madrigal,Puntarenas
63829240,Francisco Zamora Madrigal,San José
35255545,Alejandro Leitón Fernández,Heredia
22582524,Carlos González Vega,Puntarenas
74470657,Ana Rojas Gómez,Cartago
24769795,Mariana Mora Soto,Cartago
39712003,Francisco Mora Montoya,Alajuela
18224389,Juan Jiménez Campos,Limón
47953166,Ricardo Murillo Campos,Puntarenas
75855124,Pedro Calvo Gómez,Cartago
42530068,María Calvo Campos,Cartago
34772246,Paulina Leitón Herrera,Alajuela
34551070,María Alvarado Montoya,Limón
55842082,María Jiménez Salazar,Guanacaste
48411939,José Jiménez Soto,Cartago
35222820,Elena González Soto,San José
26080553,Juan Zamora Fernández,Heredia
46101803,Jorge Cascante Bermúdez,Puntarenas
53564729,Jorge Chaves Araya,Cartago
25892153,Camila Guzmán Bermúdez,Puntarenas
68121922,Gabriela Chaves Delgado,Puntarenas
65951043,Ana Castro Monge,Alajuela
53556551,Camila Solano Soto,Heredia
43283789,Pedro Leitón Quirós,Heredia
75502929,Carlos Guzmán Delgado,Guanacaste
44078418,Elena Guzmán Gutiérrez,San José
48575834,María Quesada Montoya,Heredia
43906397,Mariana González Herrera,Heredia
25597283,Alejandro Quesada Marín,Cartago
41489765,Manuel Guzmán Marín,Limón
38106470,Camila Alvarado Herrera,Alajuela
12916069,Mariana Alvarado Alfaro,Guanacaste
15340909,Daniela Alvarado Madrigal,San José
77813102,Valeria Jiménez López,Guanacaste
45299055,Ana Quesada Gutiérrez,Heredia
68883823,Ana Solano Madrigal,Limón
56431983,Pedro Castro Valverde,Guanacaste
58938746,Carlos Quesada Gómez,San José
68113787,Paulina Solano Fernández,Limón
76707197,Elena Cascante López,San José
66565503,Daniela Alvarado Montoya,Guanacaste
78017921,Paulina Solano Campos,Guanacaste
38434202,Pedro Rojas Fernández,Alajuela
55080351,Elena Jiménez Quirós,Cartago
73233823,Mariana Mora Gutiérrez,Guanacaste
34010529,Juan Rodríguez Soto,San José
67442089,Juan Sánchez Vega,Heredia
72275374,Ricardo Cascante Quirós,Puntarenas
67851696,Camila Alvarado Quirós,Limón
26080688,Gabriela Castro Soto,Limón
67376562,Sofía Jiménez Herrera,Alajuela
42661307,Juan Zamora Araya,Limón
17724865,Juan Zamora Gómez,Alajuela
27219396,Camila Chaves Alfaro,Heredia
11736524,Javier Saborío Pérez,San José
33371602,Sofía Solano Herrera,Heredia
66033115,Daniela Rodríguez Araya,Alajuela
66229731,Luis Solano Vega,Heredia
32323049,Juan Solano Madrigal,Alajuela
77542890,Andrés Alvarado Madrigal,Limón
39646701,José Vargas Montoya,San José
79517169,Ana Guzmán Gutiérrez,Limón
72930810,Camila Leitón Quirós,Puntarenas
49796605,Valeria Alvarado López,Heredia
16791039,José Murillo Monge,Guanacaste
44504577,Paulina Calvo Vega,Alajuela
37647878,Ricardo Vargas Monge,San José
74905100,Daniela Leitón Montoya,Guanacaste
52721170,Carlos Brenes Gutiérrez,Heredia
27784725,Ana Murillo Quirós,Puntarenas
31749657,Lucía Solano Gutiérrez,San José
52065818,Elena Alvarado Pérez,Heredia
78681625,Lucía Solano Alfaro,Guanacaste
48158234,Laura Leitón Montoya,Guanacaste
68744735,Ricardo Solano Herrera,Cartago
78132769,Paulina Cascante Gutiérrez,Limón
43193891,Mariana Castro Vega,Limón
17815076,Elena Calvo Pérez,Cartago
23950888,Ricardo Jiménez Vega,Alajuela
16021033,Elena Zamora Fernández,Guanacaste
32306728,Camila Mora Gutiérrez,Heredia
71865901,Sofía González Pérez,Guanacaste
78722606,María Rodríguez Delgado,Cartago
11318832,Lucía Sánchez Fernández,Limón
28292657,Alejandro Vargas Marín,Cartago
72062512,Daniela Mora Quirós,Alajuela
35616316,Ana Saborío Alfaro,Heredia
77174337,Pedro Rojas Delgado,Limón
53073474,María Saborío Valverde,Alajuela
21861958,Ricardo Quesada Quirós,Puntarenas
53753418,Ana Vargas Campos,Limón
63919694,Manuel Mora Araya,Limón
75748945,Gabriela Calvo Araya,Limón
53663319,Valeria Vargas Monge,San José
35485272,Elena Mora Pérez,Cartago
41621086,Elena Alvarado Campos,Limón
43030113,Alejandro Murillo Araya,Alajuela
25294434,Javier Castro Montoya,Limón
12514923,Luis Mora Pérez,Heredia
29324908,Daniela Rodríguez Alfaro,Limón
56530541,Camila Rojas Bermúdez,Guanacaste
38639213,Elena Jiménez Valverde,Cartago
76428919,Ricardo Guzmán Delgado,Puntarenas
77682298,Mariana González Herrera,Limón
12670586,Jorge Quesada Gutiérrez,Limón
23475836,Laura Chaves Gutiérrez,Heredia
65435261,Daniela Solano Monge,Limón
23066235,Mariana Castro Gómez,Heredia
24368777,Luis Rodríguez Monge,San José
49075854,Carlos Rojas Montoya,Heredia
31463060,Jorge Sánchez Gutiérrez,San José
25646746,José Vargas Herrera,Guanacaste
54671004,María Quesada Bermúdez,Heredia
36386463,José Saborío Bermúdez,Puntarenas
45348512,Paulina Rojas Delgado,San José
57718433,Pedro Quesada Quirós,Alajuela
25278117,Ricardo Cascante Campos,Puntarenas
65418934,Andrés Saborío Quirós,Limón
35788474,Gabriela Solano Delgado,Limón
15955645,Javier Cascante Pérez,Cartago
11212482,Carlos Vargas Salazar,Cartago
14669507,José Chaves Monge,Guanacaste
52147909,Sofía Zamora Marín,Guanacaste
28571346,Valeria Alvarado Monge,Cartago
42440404,Jorge Sánchez Gómez,San José
33650391,Valeria Leitón Valverde,Alajuela
73144023,Jorge Alvarado Gutiérrez,Guanacaste
41006810,Ana Vargas Delgado,Cartago
24794852,Javier Quesada Delgado,San José
55449324,María Mora Campos,Cartago
27375341,Francisco Rodríguez Campos,Cartago
59569902,Laura Leitón Madrigal,Puntarenas
12556017,Javier Saborío Quirós,Alajuela
46790398,Lucía Alvarado Bermúdez,Puntarenas
78558977,Ricardo Leitón Herrera,Puntarenas
48887557,José Quesada Alfaro,San José
25024269,Diego Quesada Madrigal,Alajuela
49706768,Jorge Castro Campos,San José
27490068,Luis Guzmán Gutiérrez,San José
75134741,Carlos Vargas Gutiérrez,Alajuela
68187926,Camila Zamora Campos,San José
44422938,Lucía Quesada Soto,Guanacaste
39302946,Valeria Quesada Soto,Limón
44889890,Pedro Leitón Vega,Puntarenas
59479842,Daniela Solano Vega,Puntarenas
55809835,Daniela Sánchez Herrera,Guanacaste
43251501,Luis Murillo Campos,Alajuela
38713146,Ricardo Quesada Monge,San José
68007741,Ricardo Zamora Campos,Heredia
17610562,María Sánchez Salazar,Cartago
49944387,Ana Calvo Gutiérrez,San José
19035982,Ana Castro Madrigal,Cartago
15398739,María Quesada Herrera,San José
78870361,Lucía Alvarado Delgado,Cartago
41842524,Sofía Murillo Gómez,Limón
71341919,Luis Chaves Madrigal,Heredia
68548448,María Alvarado Bermúdez,Alajuela
66557798,Elena Murillo Gómez,San José
51713900,Valeria Castro Marín,Limón
15652716,María Guzmán Vega,Guanacaste
54409088,Sofía Leitón Campos,Cartago
15816582,José Murillo Quirós,Alajuela
45528972,Jorge Chaves Monge,Puntarenas
12244876,Manuel Solano Campos,Alajuela
62166941,Paulina Rojas Marín,Limón
36009888,Gabriela Calvo Gutiérrez,Heredia
69990305,Laura Cascante Montoya,Guanacaste
78387112,María Solano Valverde,Puntarenas
72161193,Carlos Sánchez Gómez,Guanacaste
37435310,Javier Alvarado Salazar,Puntarenas
15382463,Ana Saborío Marín,Alajuela
28309439,Gabriela Saborío Madrigal,Limón
34928578,María Leitón Monge,Alajuela
77780932,Jorge Murillo Monge,San José
26818508,Ana Saborío Fernández,San José
15923149,Pedro Zamora Alfaro,Limón
27891662,Ricardo Leitón Campos,San José
46274512,Valeria Calvo Montoya,Heredia
49453010,Francisco Vargas Vega,Limón
47183841,Juan Rojas Gutiérrez,Alajuela
72562657,Daniela Rodríguez Monge,Cartago
47249378,José Brenes Marín,San José
65476583,Ana Saborío Fernández,Cartago
47749095,Luis Sánchez Valverde,Limón
49436654,Carlos Chaves Bermúdez,Heredia
26318841,Mariana Sánchez López,Guanacaste
66549757,Diego Sánchez Gómez,Puntarenas
59897858,María Alvarado Soto,San José
33642499,Diego Chaves Gutiérrez,Cartago
69212178,Pedro Cascante Araya,San José
11155477,Andrés González Quirós,Guanacaste
27138070,Laura Murillo Monge,Limón
32126998,Alejandro Cascante Araya,Cartago
66623525,María Rojas Campos,Guanacaste
44554277,Daniela Jiménez Vega,San José
19986473,Daniela González Gómez,Cartago
57358385,Valeria Leitón Araya,Alajuela
62969909,Jorge Saborío Herrera,Cartago
73160763,Francisco Guzmán Campos,San José
62060605,Javier Quesada Pérez,Limón
75446344,Luis Castro Salazar,Alajuela
23722056,Laura Saborío Gutiérrez,Guanacaste
62838859,Manuel Vargas Gómez,Limón
77592651,Manuel Calvo Bermúdez,Puntarenas
36943949,Elena Rodríguez López,Heredia
54794319,Pedro Calvo Valverde,Limón
65960015,Mariana Cascante Delgado,Limón
32069713,Javier Zamora Madrigal,Limón
71440466,Alejandro Alvarado López,Alajuela
58202195,Paulina Saborío Madrigal,San José
21985360,Sofía Jiménez Soto,Puntarenas
29595744,Ana Chaves Salazar,Cartago
24139874,Daniela Zamora Quirós,Guanacaste
42424426,Diego Rojas Valverde,Limón
61519979,Ricardo Solano Valverde,Alajuela
48822384,Mariana Rojas Montoya,Alajuela
31135861,Manuel Calvo Montoya,San José
19626108,Ricardo Chaves Gómez,Guanacaste
73799805,Camila Rodríguez Gómez,Puntarenas
53770370,Elena Guzmán Salazar,Puntarenas
59512969,Ricardo Murillo Soto,Guanacaste
24344717,Carlos Jiménez Salazar,San José
38926478,Mariana Solano Araya,Cartago
69204110,José Calvo Delgado,Heredia
19044494,Elena Rodríguez Araya,Heredia
59832465,Lucía Zamora Campos,San José
79689889,Laura Rodríguez Valverde,Puntarenas
27801762,Ricardo Castro Pérez,San José
76060836,Gabriela Alvarado Alfaro,Alajuela
77232293,Camila Castro López,Cartago
56481960,Camila Calvo Pérez,San José
22321324,Andrés Cascante Araya,Limón
41326765,Pedro Leitón Monge,Heredia
38312114,Elena Saborío Pérez,Puntarenas
68925622,Paulina Leitón Quirós,Guanacaste
77084862,Elena Jiménez Madrigal,Alajuela
65394880,Paulina Jiménez Herrera,Cartago
76568772,Francisco González Monge,Puntarenas
76159172,Pedro Zamora Gómez,Puntarenas
62347467,Mariana Saborío Quirós,Cartago
72833230,Mariana Saborío Campos,San José
32561359,Daniela Vargas Montoya,Heredia
79214801,Daniela Brenes Araya,Puntarenas
54352088,Alejandro Solano Vega,Cartago
79173859,Alejandro Vargas Alfaro,San José
43718884,Pedro Guzmán Salazar,Heredia
33044708,Diego Rodríguez Soto,Alajuela
67361002,Diego Jiménez Madrigal,Limón
34380011,Juan González Gutiérrez,San José
35813613,Laura Zamora Fernández,Cartago
77019382,Sofía Jiménez Araya,San José
37255418,Camila Guzmán Gómez,Guanacaste
76159230,Javier Rojas Valverde,Alajuela
12818692,Ana Murillo Alfaro,Cartago
27572491,María Rojas Monge,Limón
73939212,Laura Jiménez Quirós,Guanacaste
55843084,Manuel Mora Campos,Guanacaste
17258766,Ana Jiménez López,San José
18913550,José Rojas Marín,Limón
17799441,Luis Vargas Campos,San José
33560856,Sofía Calvo Gutiérrez,San José
14940441,Ana Vargas Salazar,San José
58005797,Sofía Cascante Soto,San José
34543918,Gabriela Guzmán Alfaro,Limón
69703982,Gabriela Calvo Gómez,Heredia
16562484,José Solano Gutiérrez,Guanacaste
28375356,Gabriela Mora Montoya,Puntarenas
59111742,Mariana Rodríguez Campos,Guanacaste
52934976,Diego Leitón Pérez,San José
29997381,Ana Rodríguez Quirós,Puntarenas
43653446,Carlos Leitón Pérez,Guanacaste
65960271,Luis Quesada Valverde,Cartago
45283671,Daniela Murillo Quirós,Heredia
59218263,Elena González Herrera,Limón
26573147,María Vargas Herrera,Cartago
54786401,Francisco Guzmán Monge,Puntarenas
39344488,Jorge Castro Bermúdez,Guanacaste
64477544,Valeria Chaves Herrera,Heredia
75479421,Sofía Calvo Montoya,Cartago
36469119,Lucía Rodríguez Monge,Guanacaste
77969792,Mariana Chaves López,Alajuela
43768193,Alejandro Saborío López,Heredia
25672073,Lucía Zamora Pérez,Puntarenas
26499465,Andrés Jiménez Montoya,Alajuela
58816912,Mariana Murillo Campos,Guanacaste
71047572,Ricardo Rojas Madrigal,Guanacaste
72776088,Diego Calvo Bermúdez,Heredia
14121368,Diego Sánchez Araya,Heredia
16595355,María Murillo Alfaro,San José
31447451,Javier González Alfaro,Heredia
75151780,Gabriela Zamora Alfaro,Heredia
23910830,Paulina Rojas Soto,Alajuela
68090293,José Sánchez Gómez,Cartago
39164342,Juan Jiménez Delgado,San José
23599548,Valeria Mora Herrera,Cartago
51698108,Manuel Zamora Madrigal,Limón
55040453,Lucía Vargas Gómez,Alajuela
78223819,Andrés Alvarado Fernández,Alajuela
27728339,Pedro Sánchez Montoya,Limón
43055576,Valeria González Fernández,Alajuela
59742683,Juan Sánchez Valverde,San José
37296605,Juan Chaves Soto,Puntarenas
23673322,Ana Rojas Pérez,Cartago
62724590,Manuel González Delgado,Limón
12859886,Lucía Sánchez Monge,Limón
12532210,Gabriela Guzmán Marín,San José
74471922,Luis Chaves Pérez,Alajuela
47217147,Valeria Cascante Delgado,Cartago
33421820,Gabriela Guzmán Alfaro,San José
12081661,Jorge Calvo Madrigal,Alajuela
27818496,Valeria Alvarado Herrera,Cartago
37984768,Laura Vargas Valverde,Limón
69089795,Luis Quesada Madrigal,Heredia
22436363,Andrés Jiménez Vega,Limón
49125900,Mariana Calvo Marín,Alajuela
78199311,Alejandro Cascante Monge,Cartago
16914963,Camila Quesada Campos,Alajuela
35306005,Diego Castro Monge,Puntarenas
62913049,Camila Murillo Vega,Cartago
64928281,Francisco Cascante Madrigal,Puntarenas
66828829,María Zamora Alfaro,Alajuela
52664863,Manuel González Soto,Alajuela
25205279,Sofía Guzmán Soto,Guanacaste
78977571,Elena Castro Valverde,Guanacaste
39049765,Carlos Chaves Marín,Cartago
68344365,Manuel Quesada Delgado,Alajuela
17660463,Francisco Vargas Campos,Guanacaste
72432176,Gabriela Rojas Gutiérrez,Heredia
15956530,Manuel Guzmán Gutiérrez,Cartago
64240180,Camila Rojas Valverde,Heredia
22903351,Juan Sánchez Campos,Alajuela
62151225,Pedro Jiménez Delgado,San José
23329349,Sofía Quesada Monge,Guanacaste
12630611,Javier Jiménez Valverde,Alajuela
65092180,Ana Mora Marín,Cartago
59849306,María Saborío Pérez,Cartago
39098979,Andrés Rojas Valverde,Cartago
41933413,Paulina Brenes Pérez,Puntarenas
39647849,Gabriela Chaves Salazar,Cartago
14916201,Juan Alvarado Bermúdez,Limón
17676912,Lucía Cascante Soto,Limón
69753457,Francisco Rodríguez Vega,Puntarenas
29686388,Alejandro Chaves Soto,Alajuela
53574265,Laura Zamora Vega,Alajuela
63920762,Alejandro Leitón Salazar,Limón
58284673,Manuel Solano Montoya,Limón
25893511,Carlos Rojas Pérez,Heredia
47979148,Jorge Guzmán Pérez,Heredia
38566540,Manuel Saborío Gómez,Cartago
76372622,Luis Leitón Herrera,Cartago
62413458,Paulina Rodríguez Vega,Limón
62233237,Mariana Castro Montoya,Alajuela
78805654,Daniela Guzmán Soto,Limón
72686231,Jorge Saborío Bermúdez,Cartago
48659103,Francisco Rodríguez Madrigal,Limón
54762150,María Chaves Herrera,Cartago
35781295,Francisco Calvo Quirós,Guanacaste
12638895,José Cascante Pérez,Heredia
16349877,Carlos Saborío Soto,Alajuela
55130808,Camila Mora Montoya,Guanacaste
31759041,Manuel Alvarado Marín,Alajuela
51821255,Ana Saborío Fernández,San José
28728009,Ricardo Calvo Vega,San José
15375063,Elena Zamora Marín,Heredia
12843740,Sofía Zamora Alfaro,Cartago
78912226,Mariana Quesada Marín,Heredia
34618086,María Castro Monge,San José
55122665,Elena Rojas Gutiérrez,Heredia
69679860,Elena Mora Herrera,Guanacaste
72694522,Daniela Murillo Marín,Heredia
57785090,Andrés Chaves Pérez,Cartago
79829762,Daniela Murillo Fernández,Guanacaste
73710343,Francisco Alvarado Madrigal,Alajuela
64789255,Alejandro Solano Valverde,Alajuela
45505300,Juan Chaves Campos,San José
36018975,José Calvo Alfaro,Guanacaste
65723173,Diego Leitón Vega,Heredia
62651177,Manuel Leitón López,Puntarenas
78633773,Carlos Alvarado Campos,Cartago
47225647,Ricardo Alvarado Soto,Guanacaste
79952696,Elena Guzmán Alfaro,Alajuela
41401147,Gabriela Guzmán Campos,Heredia
63396676,Mariana Sánchez Madrigal,San José
24214348,José Vargas Alfaro,Limón
54623062,Elena Brenes Salazar,Cartago
28973915,Mariana Jiménez Pérez,Heredia
26540893,Daniela Saborío Araya,Cartago
68098909,Carlos Mora Monge,Limón
16554845,Jorge Rojas Gutiérrez,Heredia
39852897,Elena Brenes Pérez,Guanacaste
59874152,María Solano Gómez,San José
77765480,Javier Solano Soto,Cartago
51567468,Paulina Cascante Pérez,Heredia
33905518,María Rodríguez Valverde,San José
35388275,Ricardo Chaves Montoya,Puntarenas
63290229,Paulina Solano Vega,Heredia
45013879,Carlos Jiménez Salazar,Puntarenas
77216632,Laura Solano Herrera,Heredia
46676858,Pedro Sánchez Fernández,Limón
56335227,Juan Calvo Araya,Alajuela
73128830,Sofía Mora Salazar,Puntarenas
49650558,José Sánchez Marín,Puntarenas
72932227,Jorge Rodríguez Valverde,Alajuela
14580613,Manuel Castro Fernández,Alajuela
75692934,Ricardo Vargas Salazar,Alajuela
15924115,Manuel Vargas Monge,Puntarenas
45988757,Mariana Mora Soto,Puntarenas
17619862,Sofía Solano López,Guanacaste
69909397,Juan Vargas Soto,Limón
69376917,Andrés González Delgado,Alajuela
61987737,Andrés Jiménez Gómez,Heredia
22772642,Juan Rodríguez Montoya,Limón
48225192,Andrés Jiménez Alfaro,San José
22264748,Mariana Sánchez Fernández,San José
53926839,Daniela Quesada Araya,Limón
14539704,Diego Rojas Salazar,Puntarenas
55557052,Andrés Calvo Pérez,Guanacaste
24189885,José Guzmán Araya,Alajuela
54188992,Andrés Mora Delgado,Cartago
17726402,Elena Rodríguez Soto,Puntarenas
33602504,Diego Rodríguez Soto,Alajuela
54205394,Manuel González Marín,Puntarenas
34044882,Pedro Calvo Delgado,San José
55204819,Carlos Zamora Gutiérrez,Cartago
68377556,Jorge Calvo Vega,San José
69655523,Ricardo Saborío Madrigal,Alajuela
69237735,Pedro Mora Quirós,Cartago
75848684,Javier Cascante Herrera,Cartago
12262382,Elena Rojas Vega,San José
61365247,Diego Rodríguez Quirós,Guanacaste
79158272,Manuel Cascante Monge,Puntarenas
39197701,Paulina González Monge,Guanacaste
64896008,Ricardo Rodríguez Alfaro,San José
41663497,Gabriela Mora Bermúdez,Alajuela
68467726,Paulina Guzmán Alfaro,Guanacaste
49683481,Carlos Vargas Herrera,Cartago
78183451,Camila Alvarado Pérez,Alajuela
14965789,José Zamora López,Alajuela
28351517,Paulina Calvo Campos,Puntarenas
59284509,Diego Chaves Valverde,Cartago
48364573,Javier Vargas Monge,Limón
11762722,Daniela Alvarado Gómez,Alajuela
29318184,Paulina Rojas Montoya,Alajuela
51616817,Andrés Saborío López,Puntarenas
55901239,Laura González Quirós,Limón
53484601,José Quesada Montoya,Alajuela
39705660,Manuel Rodríguez Marín,Limón
46398528,Camila Jiménez Pérez,San José
59333700,Javier Chaves Pérez,Alajuela
41327691,Carlos Sánchez Madrigal,Guanacaste
31669324,Andrés González Monge,San José
48421969,Daniela Solano Bermúdez,Alajuela
79633492,Paulina Zamora Alfaro,Heredia
39124053,Elena Calvo Alfaro,Cartago
74136665,Sofía Leitón Campos,Puntarenas
63757404,Andrés Brenes Vega,San José
52599906,Lucía Cascante Soto,Alajuela
17267813,Camila Solano Gutiérrez,Guanacaste
28212326,Gabriela Guzmán Herrera,Limón
17054838,Camila Rodríguez Soto,Heredia
53419132,Carlos Alvarado Quirós,Guanacaste
29228157,Luis Saborío Fernández,Cartago
77667458,José Solano Bermúdez,Heredia
62921859,Sofía Cascante Salazar,Guanacaste
48446596,Camila Jiménez Montoya,Alajuela
43138181,Ricardo Murillo Pérez,Alajuela
78085252,Andrés Rodríguez Gómez,Limón
37297287,Alejandro Castro Vega,Heredia
41909393,Daniela Cascante Delgado,Heredia
11205779,Camila Alvarado Madrigal,San José
78052503,Daniela Vargas Araya,Heredia
76528792,Francisco Sánchez Pérez,Limón
67394713,Daniela Brenes Delgado,Guanacaste
37051545,Ricardo Murillo Delgado,Puntarenas
62258331,María Cascante Gutiérrez,Puntarenas
57891998,Laura González Vega,San José
76512415,Lucía Rodríguez Herrera,Cartago
71802018,Gabriela Solano Herrera,Cartago
26123426,Laura Calvo Madrigal,Puntarenas
45038756,Elena Rodríguez Araya,Limón
36052144,Carlos Cascante Soto,Puntarenas
12983483,Francisco Jiménez Monge,Alajuela
11484348,Daniela Sánchez Gutiérrez,Cartago
68590804,Ricardo Alvarado Monge,Guanacaste
16022741,Mariana Cascante Madrigal,Cartago
53198037,Paulina Guzmán Marín,San José
38501590,Javier Leitón Delgado,Limón
21593302,Luis Brenes Pérez,Puntarenas
36379868,José Alvarado Gómez,Alajuela
29375710,Camila Rodríguez Araya,San José
78568671,Jorge Guzmán Monge,Heredia
33946849,Javier Alvarado Gutiérrez,Alajuela
76586214,Elena Castro Fernández,Puntarenas
68115687,Luis Zamora Vega,Alajuela
56802559,Alejandro Mora Campos,Guanacaste
25509119,Andrés Sánchez Pérez,San José
18177281,Paulina Sánchez Pérez,Cartago
34184459,Daniela Solano Quirós,San José
37944595,Javier Sánchez Marín,Cartago
48815384,Carlos Cascante Araya,Cartago
74644760,Carlos Rojas Gómez,Guanacaste
63118618,Laura Murillo Vega,Puntarenas
18103580,Jorge Mora Gómez,San José
57425184,Pedro Rodríguez Madrigal,Limón
48700704,María Mora Pérez,Guanacaste
21249314,Juan Cascante Quirós,Guanacaste
37592357,Jorge Brenes Vega,Heredia
78404902,Jorge Rojas Quirós,Heredia
51543335,Diego Castro Montoya,Cartago
28736811,Laura Castro Soto,Heredia
58555692,Gabriela Vargas Delgado,Limón
12000560,Diego Mora Gómez,Heredia
73030966,Ricardo Cascante Herrera,San José
55770422,Gabriela Mora Monge,Cartago
61021494,Ricardo González Delgado,Heredia
77864256,Gabriela Murillo Monge,Heredia
37444964,Mariana Zamora Gómez,Puntarenas
55508325,Diego Rodríguez Delgado,Limón
67378535,María Rojas Campos,Alajuela
35691890,Gabriela Murillo Soto,Puntarenas
56941939,Gabriela Jiménez Delgado,Heredia
67616116,Camila Mora Soto,Cartago
43359604,Gabriela Zamora Herrera,Limón
78060918,Alejandro Leitón Monge,San José
27802999,Luis Murillo Marín,Cartago
19823994,Mariana Saborío Campos,Alajuela
21642620,Manuel Mora Vega,Puntarenas
43195773,Valeria González Alfaro,Alajuela
65953150,Elena Jiménez Araya,Heredia
26664316,Ricardo Rodríguez Fernández,Cartago
53894531,José Brenes Alfaro,Puntarenas
27311494,Pedro Murillo Araya,Puntarenas
59833734,Luis Saborío Vega,San José
32374158,Ricardo Rojas Alfaro,Guanacaste
13376915,Jorge Calvo Marín,Puntarenas
26271130,Diego Cascante Soto,Puntarenas
79224219,Javier Saborío Gutiérrez,Limón
75652512,Laura González Valverde,San José
57392547,Sofía Jiménez Araya,San José
24640933,Diego Leitón Pérez,Puntarenas
31137194,Ana Leitón Delgado,Alajuela
69123504,Diego Cascante Madrigal,Puntarenas
78175669,Juan Alvarado López,Guanacaste
52829622,Valeria Zamora Soto,Heredia
71450038,Diego Castro Herrera,Guanacaste
66764217,Mariana Calvo Madrigal,Alajuela
32726457,Ana Cascante Gómez,Guanacaste
14400953,Manuel Rojas Herrera,Limón
67009980,Sofía González Vega,Puntarenas
54369728,Manuel Chaves Quirós,Cartago
28048838,Luis Vargas Quirós,Cartago
36232651,Sofía Quesada Araya,Cartago
56049101,Ricardo Leitón Vega,Puntarenas
32800206,Andrés Murillo Bermúdez,Puntarenas
27426265,José Vargas Montoya,Alajuela
24968669,Ricardo Zamora Alfaro,Puntarenas
37191135,Paulina Vargas Fernández,Limón
71908841,Camila Cascante Bermúdez,Limón
56344047,Mariana Sánchez Gómez,Guanacaste
78339571,José Rojas Gutiérrez,Puntarenas
17923579,Camila Castro Soto,Heredia
31915518,Carlos Quesada Bermúdez,Cartago
49249791,Ricardo Zamora Salazar,Heredia
42188301,Ana Chaves Montoya,Limón
61160974,Francisco Vargas Bermúdez,Heredia
48307727,Javier Sánchez Madrigal,Alajuela
19832340,Manuel Murillo Bermúdez,Alajuela
21397023,Andrés Zamora Pérez,Puntarenas
33914404,Javier Rodríguez Delgado,Puntarenas
51142182,Francisco Mora Herrera,Heredia
42950183,Daniela Sánchez López,San José
14712363,Lucía Murillo Fernández,San José
66403886,Ana Quesada Montoya,Guanacaste
29720112,Daniela Chaves Soto,Alajuela
55180853,María Mora Alfaro,Heredia
68935224,Camila Alvarado Quirós,Alajuela
15793722,Javier Cascante Marín,Limón
42925626,Manuel Cascante Valverde,Puntarenas
36363836,Javier Solano Delgado,San José
37166651,Ana Mora Marín,San José
17047102,Camila Quesada Alfaro,San José
48610879,Francisco Leitón Madrigal,Heredia
38608449,Pedro Mora Madrigal,Alajuela
54713925,José Murillo Gutiérrez,Cartago
79396422,Francisco Chaves Araya,Cartago
25558623,Carlos Saborío Fernández,Heredia
48610913,Ricardo Rodríguez Soto,Guanacaste
77626978,Valeria Quesada Vega,San José
13762152,Alejandro Leitón Salazar,Puntarenas
62422633,Javier Mora Pérez,Puntarenas
48520810,Ana Sánchez Quirós,Puntarenas
75521644,Elena Rodríguez Salazar,Heredia
25443951,Diego Mora López,Alajuela
45727345,Francisco Zamora Fernández,San José
64446065,Valeria Brenes López,San José
38542969,Ana Quesada Bermúdez,Cartago
26812025,Valeria Sánchez Gutiérrez,Puntarenas
41893502,Juan González Bermúdez,San José
19422849,Alejandro Alvarado Salazar,Heredia
35118725,Luis Leitón Vega,Puntarenas
17251976,Diego Quesada Delgado,Guanacaste
41279121,Valeria Quesada Pérez,Puntarenas
54533779,Ana Vargas Alfaro,San José
54337174,Andrés Chaves Bermúdez,Limón
32407191,Andrés Chaves Quirós,Guanacaste
21044891,Andrés Leitón Delgado,Cartago
12140194,Luis Calvo Gutiérrez,San José
31481506,Valeria Brenes Valverde,Heredia
42622631,Javier Sánchez Soto,Heredia
41098919,Carlos Brenes Gutiérrez,Puntarenas
76406444,Luis Saborío Pérez,San José
55107245,Javier Brenes Pérez,Puntarenas
27516590,Lucía Leitón Monge,Guanacaste
62373555,Elena Guzmán Herrera,Cartago
77463219,Daniela Cascante Gómez,Guanacaste
61873851,Laura Jiménez Valverde,San José
14769851,Valeria Mora Salazar,Heredia
43237058,Carlos Rojas Marín,Cartago
53567173,Diego Brenes Herrera,Limón
35774152,Laura Brenes Gómez,San José
42794698,José González Soto,San José
11771600,Ana Sánchez Monge,Puntarenas
11738833,Sofía Leitón Vega,San José
21348050,Alejandro Castro Madrigal,Limón
72171218,Sofía Saborío Valverde,Guanacaste
25034453,Ana Vargas Fernández,Cartago
78896868,Jorge Cascante Fernández,Cartago
21954280,Paulina Saborío Salazar,Guanacaste
27942639,José Murillo Madrigal,Alajuela
33488628,Pedro Rodríguez Monge,Puntarenas
59555575,Luis Chaves Herrera,Heredia
74882808,Francisco Brenes López,Puntarenas
33726201,Javier Castro Alfaro,Puntarenas
73023227,Gabriela Guzmán Campos,Alajuela
25239295,Manuel Castro Campos,Guanacaste
51552000,Sofía Brenes Gutiérrez,Guanacaste
17784575,Ricardo González Bermúdez,Puntarenas
35380995,Carlos Alvarado Gutiérrez,Limón
26787592,Diego Jiménez Marín,San José
27983626,Paulina González Marín,Alajuela
76766993,Francisco Vargas Marín,Puntarenas
61030163,Sofía Saborío Vega,Limón
66125594,Juan Guzmán Monge,Puntarenas
51625760,Luis Murillo Vega,Guanacaste
74350371,Mariana Saborío Araya,Heredia
52707116,Juan Calvo Pérez,Limón
73678638,Paulina Rodríguez Gutiérrez,Puntarenas
79937326,Valeria Castro Alfaro,Puntarenas
63586094,Mariana Quesada Quirós,San José
19382064,Gabriela Solano Fernández,Puntarenas
68419378,Jorge Quesada Alfaro,Alajuela
17661748,Carlos Castro Herrera,Guanacaste
73457461,Lucía Vargas Gutiérrez,Heredia
43351868,José Sánchez Delgado,San José
11517756,Diego González Salazar,Limón
51666754,Jorge Mora Bermúdez,Cartago
32382787,Camila Alvarado Valverde,Alajuela
23117636,Juan Leitón Soto,Alajuela
54656838,Sofía Quesada López,Heredia
15703878,Gabriela Murillo López,Cartago
66682698,Juan Calvo Campos,Cartago
66068298,Sofía Castro Araya,San José
35757902,Lucía Sánchez Soto,Cartago
71728977,Juan Mora Gutiérrez,Heredia
12681042,Andrés Jiménez Monge,Guanacaste
29179730,Luis Guzmán Araya,Heredia
69132114,Juan Chaves Valverde,Alajuela
49250138,Camila Cascante Delgado,Cartago
39608154,Lucía Guzmán Fernández,Guanacaste
16531293,Pedro Mora Campos,Puntarenas
36183902,Manuel Sánchez Herrera,Cartago
51674975,Paulina Guzmán Gómez,Cartago
19488613,Ricardo Zamora Araya,Alajuela
22421349,Sofía Vargas Herrera,Heredia
32014184,Daniela Rojas López,Alajuela
37961578,Mariana Zamora Vega,Puntarenas
24780654,Pedro Mora Gutiérrez,Heredia
12795765,Valeria Murillo Herrera,Cartago
23453557,Jorge Cascante Monge,Puntarenas
11624315,Paulina Cascante Herrera,San José
63217531,Ana Rodríguez Herrera,Alajuela
72425342,Lucía Quesada Gómez,Limón
75153279,Mariana González López,Puntarenas
42860421,Diego Guzmán Quirós,Puntarenas
38395785,Juan Guzmán Vega,Cartago
74784650,Sofía Murillo Marín,Limón
29548432,Daniela González Quirós,Alajuela
64946066,Paulina Quesada Fernández,Alajuela
53895058,Pedro Mora Valverde,Puntarenas
69304216,Laura Guzmán Pérez,Heredia
59309978,Ricardo Mora Monge,Guanacaste
43401116,Elena Zamora Madrigal,Puntarenas
42811298,Javier Chaves Alfaro,San José
59277218,Luis Cascante López,Cartago
52010921,Andrés Chaves Gutiérrez,San José
76578736,Gabriela Zamora Marín,Limón
25993143,María Cascante Gutiérrez,Guanacaste
69164991,Sofía González Alfaro,Cartago
56098752,Daniela Murillo López,Guanacaste
69025733,Daniela Vargas Bermúdez,San José
49422281,Pedro Castro Valverde,Cartago
47038413,Ricardo Guzmán Alfaro,Cartago
23363534,María Sánchez López,San José
25780177,María Rojas Pérez,Cartago
62414808,Camila Brenes Quirós,San José
47333337,Daniela Sánchez Valverde,Heredia
54771676,Lucía Rojas Bermúdez,San José
41074659,Ana Rodríguez Salazar,Limón
26861544,Luis Rojas Delgado,Puntarenas
46407658,Lucía Leitón Monge,Guanacaste
11247595,Lucía González Valverde,Alajuela
44654579,Francisco Cascante Marín,San José
75194357,Luis Calvo Araya,San José
29745141,Francisco Zamora Pérez,Puntarenas
62488575,Manuel Mora Marín,Guanacaste
